AnnoA;AteneoNOME;AteneoCOD;SESSO;Isc
2020/2021;Aosta;701;F;719
2020/2021;Aosta;701;M;320
2020/2021;Bari;7201;F;26335
2020/2021;Bari;7201;M;15773
2020/2021;Bari Politecnico;7202;F;2994
2020/2021;Bari Politecnico;7202;M;6941
2020/2021;Basilicata;7601;F;3536
2020/2021;Basilicata;7601;M;2551
2020/2021;Benevento Giustino Fortunato - telematica;6202;F;944
2020/2021;Benevento Giustino Fortunato - telematica;6202;M;859
2020/2021;Bergamo;1601;F;13107
2020/2021;Bergamo;1601;M;7733
2020/2021;Bologna;3701;F;45890
2020/2021;Bologna;3701;M;35962
2020/2021;Bolzano;2101;F;2816
2020/2021;Bolzano;2101;M;1241
2020/2021;Bra Scienze Gastronomiche;401;F;193
2020/2021;Bra Scienze Gastronomiche;401;M;194
2020/2021;Brescia;1701;F;6819
2020/2021;Brescia;1701;M;7911
2020/2021;Cagliari;9201;F;14618
2020/2021;Cagliari;9201;M;10106
2020/2021;Calabria;7801;F;14044
2020/2021;Calabria;7801;M;10107
2020/2021;Camerino;4302;F;3072
2020/2021;Camerino;4302;M;3415
2020/2021;Casamassima - G.Degennaro;7203;F;639
2020/2021;Casamassima - G.Degennaro;7203;M;931
2020/2021;Cassino;6001;F;3773
2020/2021;Cassino;6001;M;3262
2020/2021;Castellanza LIUC;1201;F;966
2020/2021;Castellanza LIUC;1201;M;1798
2020/2021;Catania;8701;F;21946
2020/2021;Catania;8701;M;16051
2020/2021;Catanzaro;7901;F;6649
2020/2021;Catanzaro;7901;M;4142
2020/2021;Chieti e Pescara;6901;F;14655
2020/2021;Chieti e Pescara;6901;M;7953
2020/2021;Enna KORE;8601;F;3285
2020/2021;Enna KORE;8601;M;1544
2020/2021;Ferrara;3801;F;15030
2020/2021;Ferrara;3801;M;10156
2020/2021;Firenze;4801;F;31055
2020/2021;Firenze;4801;M;22571
2020/2021;Firenze IUL - telematica;4804;F;470
2020/2021;Firenze IUL - telematica;4804;M;188
2020/2021;Foggia;7101;F;7172
2020/2021;Foggia;7101;M;4207
2020/2021;Genova;1001;F;18048
2020/2021;Genova;1001;M;14161
2020/2021;Insubria;1202;F;6382
2020/2021;Insubria;1202;M;5344
2020/2021;L'Aquila;6601;F;8707
2020/2021;L'Aquila;6601;M;7200
2020/2021;Macerata;4301;F;7421
2020/2021;Macerata;4301;M;2601
2020/2021;Marche;4201;F;6783
2020/2021;Marche;4201;M;8237
2020/2021;Messina;8301;F;14655
2020/2021;Messina;8301;M;8888
2020/2021;Milano;1501;F;36456
2020/2021;Milano;1501;M;24830
2020/2021;Milano Bicocca;1509;F;21176
2020/2021;Milano Bicocca;1509;M;13211
2020/2021;Milano Bocconi;1503;F;5641
2020/2021;Milano Bocconi;1503;M;8028
2020/2021;Milano Cattolica;1504;F;27866
2020/2021;Milano Cattolica;1504;M;13842
2020/2021;Milano IULM;1505;F;5206
2020/2021;Milano IULM;1505;M;1877
2020/2021;Milano Politecnico;1502;F;15807
2020/2021;Milano Politecnico;1502;M;30418
2020/2021;Milano San Raffaele;1508;F;2115
2020/2021;Milano San Raffaele;1508;M;1193
2020/2021;Modena e Reggio Emilia;3601;F;14579
2020/2021;Modena e Reggio Emilia;3601;M;12882
2020/2021;Molise;7001;F;3984
2020/2021;Molise;7001;M;2664
2020/2021;Napoli Benincasa;6304;F;7160
2020/2021;Napoli Benincasa;6304;M;1275
2020/2021;Napoli Federico II;6301;F;41857
2020/2021;Napoli Federico II;6301;M;33310
2020/2021;Napoli L'Orientale;6303;F;9204
2020/2021;Napoli L'Orientale;6303;M;2287
2020/2021;Napoli Parthenope;6302;F;4675
2020/2021;Napoli Parthenope;6302;M;6364
2020/2021;Napoli Pegaso - telematica;6307;F;31538
2020/2021;Napoli Pegaso - telematica;6307;M;35996
2020/2021;Napoli Vanvitelli;6306;F;13329
2020/2021;Napoli Vanvitelli;6306;M;9042
2020/2021;Novedrate e-Campus - telematica;1301;F;17285
2020/2021;Novedrate e-Campus - telematica;1301;M;14856
2020/2021;Padova;2801;F;33423
2020/2021;Padova;2801;M;29388
2020/2021;Palermo;8201;F;24311
2020/2021;Palermo;8201;M;17345
2020/2021;Parma;3401;F;16418
2020/2021;Parma;3401;M;11707
2020/2021;Pavia;1801;F;13325
2020/2021;Pavia;1801;M;10395
2020/2021;Perugia;5401;F;15528
2020/2021;Perugia;5401;M;10666
2020/2021;Perugia Stranieri;5403;F;776
2020/2021;Perugia Stranieri;5403;M;374
2020/2021;Piemonte Orientale;201;F;8253
2020/2021;Piemonte Orientale;201;M;5440
2020/2021;Pisa;5001;F;23123
2020/2021;Pisa;5001;M;21507
2020/2021;Reggio Calabria;8001;F;2715
2020/2021;Reggio Calabria;8001;M;2141
2020/2021;Reggio Calabria - Dante Alighieri;8003;F;500
2020/2021;Reggio Calabria - Dante Alighieri;8003;M;99
2020/2021;Roma  Mercatorum - telematica;5814;F;7106
2020/2021;Roma  Mercatorum - telematica;5814;M;10361
2020/2021;Roma Biomedico;5808;F;1362
2020/2021;Roma Biomedico;5808;M;867
2020/2021;Roma Europea;5812;F;1236
2020/2021;Roma Europea;5812;M;460
2020/2021;Roma Foro Italico;5806;F;612
2020/2021;Roma Foro Italico;5806;M;1547
2020/2021;Roma La Sapienza;5801;F;59728
2020/2021;Roma La Sapienza;5801;M;43328
2020/2021;Roma Link Campus;5817;F;170
2020/2021;Roma Link Campus;5817;M;445
2020/2021;Roma LUISS;5805;F;4547
2020/2021;Roma LUISS;5805;M;5166
2020/2021;Roma LUMSA;5803;F;4729
2020/2021;Roma LUMSA;5803;M;1984
2020/2021;Roma Marconi - telematica;5810;F;6013
2020/2021;Roma Marconi - telematica;5810;M;5201
2020/2021;Roma Saint Camillus;5818;F;702
2020/2021;Roma Saint Camillus;5818;M;407
2020/2021;Roma San Raffaele - telematica;5816;F;3727
2020/2021;Roma San Raffaele - telematica;5816;M;4246
2020/2021;Roma Tor Vergata;5802;F;14821
2020/2021;Roma Tor Vergata;5802;M;12696
2020/2021;Roma Tre;5807;F;19092
2020/2021;Roma Tre;5807;M;12697
2020/2021;Roma UNICUSANO - telematica;5815;F;6934
2020/2021;Roma UNICUSANO - telematica;5815;M;7611
2020/2021;Roma UNINETTUNO - telematica;5813;F;6972
2020/2021;Roma UNINETTUNO - telematica;5813;M;9478
2020/2021;Roma UNINT;5809;F;1542
2020/2021;Roma UNINT;5809;M;371
2020/2021;Roma UNITELMA - telematica;5811;F;1447
2020/2021;Roma UNITELMA - telematica;5811;M;1412
2020/2021;Rozzano (MI) Humanitas University;1510;F;903
2020/2021;Rozzano (MI) Humanitas University;1510;M;530
2020/2021;Salento;7501;F;11310
2020/2021;Salento;7501;M;6993
2020/2021;Salerno;6501;F;19274
2020/2021;Salerno;6501;M;15449
2020/2021;Sannio;6201;F;2062
2020/2021;Sannio;6201;M;1996
2020/2021;Sassari;9001;F;8463
2020/2021;Sassari;9001;M;5012
2020/2021;Siena;5201;F;9763
2020/2021;Siena;5201;M;6150
2020/2021;Siena Stranieri;5202;F;1844
2020/2021;Siena Stranieri;5202;M;387
2020/2021;Teramo;6701;F;3144
2020/2021;Teramo;6701;M;2389
2020/2021;Torino;101;F;47682
2020/2021;Torino;101;M;29846
2020/2021;Torino Politecnico;102;F;9689
2020/2021;Torino Politecnico;102;M;23435
2020/2021;Torrevecchia Teatina Leonardo da Vinci - telematica;6902;F;28
2020/2021;Torrevecchia Teatina Leonardo da Vinci - telematica;6902;M;17
2020/2021;Trento;2201;F;8478
2020/2021;Trento;2201;M;8140
2020/2021;Trieste;3201;F;9008
2020/2021;Trieste;3201;M;6733
2020/2021;Tuscia;5601;F;4037
2020/2021;Tuscia;5601;M;3837
2020/2021;Udine;3001;F;7928
2020/2021;Udine;3001;M;7025
2020/2021;Urbino;4101;F;9396
2020/2021;Urbino;4101;M;5439
2020/2021;Venezia Cà Foscari;2701;F;13206
2020/2021;Venezia Cà Foscari;2701;M;7542
2020/2021;Venezia Iuav;2702;F;2223
2020/2021;Venezia Iuav;2702;M;1728
2020/2021;Verona;2301;F;15016
2020/2021;Verona;2301;M;8265
2019/2020;Aosta;701;F;701
2019/2020;Aosta;701;M;317
2019/2020;Bari;7201;F;26478
2019/2020;Bari;7201;M;15733
2019/2020;Bari Politecnico;7202;F;3051
2019/2020;Bari Politecnico;7202;M;6820
2019/2020;Basilicata;7601;F;3595
2019/2020;Basilicata;7601;M;2683
2019/2020;Benevento Giustino Fortunato - telematica;6202;F;623
2019/2020;Benevento Giustino Fortunato - telematica;6202;M;646
2019/2020;Bergamo;1601;F;13222
2019/2020;Bergamo;1601;M;7878
2019/2020;Bologna;3701;F;44568
2019/2020;Bologna;3701;M;35472
2019/2020;Bolzano;2101;F;2738
2019/2020;Bolzano;2101;M;1216
2019/2020;Bra Scienze Gastronomiche;401;F;180
2019/2020;Bra Scienze Gastronomiche;401;M;192
2019/2020;Brescia;1701;F;6590
2019/2020;Brescia;1701;M;7825
2019/2020;Cagliari;9201;F;14708
2019/2020;Cagliari;9201;M;10457
2019/2020;Calabria;7801;F;14217
2019/2020;Calabria;7801;M;10226
2019/2020;Camerino;4302;F;3101
2019/2020;Camerino;4302;M;3219
2019/2020;Casamassima - G.Degennaro;7203;F;654
2019/2020;Casamassima - G.Degennaro;7203;M;942
2019/2020;Cassino;6001;F;3782
2019/2020;Cassino;6001;M;3267
2019/2020;Castellanza LIUC;1201;F;877
2019/2020;Castellanza LIUC;1201;M;1610
2019/2020;Catania;8701;F;21678
2019/2020;Catania;8701;M;16336
2019/2020;Catanzaro;7901;F;6735
2019/2020;Catanzaro;7901;M;4227
2019/2020;Chieti e Pescara;6901;F;14743
2019/2020;Chieti e Pescara;6901;M;8129
2019/2020;Enna KORE;8601;F;3158
2019/2020;Enna KORE;8601;M;1600
2019/2020;Ferrara;3801;F;13451
2019/2020;Ferrara;3801;M;9300
2019/2020;Firenze;4801;F;29829
2019/2020;Firenze;4801;M;22054
2019/2020;Firenze IUL - telematica;4804;F;287
2019/2020;Firenze IUL - telematica;4804;M;106
2019/2020;Foggia;7101;F;6555
2019/2020;Foggia;7101;M;3941
2019/2020;Genova;1001;F;16962
2019/2020;Genova;1001;M;13574
2019/2020;Insubria;1202;F;6138
2019/2020;Insubria;1202;M;5252
2019/2020;L'Aquila;6601;F;8655
2019/2020;L'Aquila;6601;M;7069
2019/2020;Macerata;4301;F;7345
2019/2020;Macerata;4301;M;2619
2019/2020;Marche;4201;F;6745
2019/2020;Marche;4201;M;8261
2019/2020;Messina;8301;F;14250
2019/2020;Messina;8301;M;8340
2019/2020;Milano;1501;F;35917
2019/2020;Milano;1501;M;25154
2019/2020;Milano Bicocca;1509;F;20399
2019/2020;Milano Bicocca;1509;M;13221
2019/2020;Milano Bocconi;1503;F;5611
2019/2020;Milano Bocconi;1503;M;7944
2019/2020;Milano Cattolica;1504;F;27341
2019/2020;Milano Cattolica;1504;M;13924
2019/2020;Milano IULM;1505;F;4912
2019/2020;Milano IULM;1505;M;1874
2019/2020;Milano Politecnico;1502;F;15303
2019/2020;Milano Politecnico;1502;M;30132
2019/2020;Milano San Raffaele;1508;F;1837
2019/2020;Milano San Raffaele;1508;M;1124
2019/2020;Modena e Reggio Emilia;3601;F;14107
2019/2020;Modena e Reggio Emilia;3601;M;12561
2019/2020;Molise;7001;F;3900
2019/2020;Molise;7001;M;2807
2019/2020;Napoli Benincasa;6304;F;7121
2019/2020;Napoli Benincasa;6304;M;1243
2019/2020;Napoli Federico II;6301;F;40933
2019/2020;Napoli Federico II;6301;M;33187
2019/2020;Napoli L'Orientale;6303;F;9244
2019/2020;Napoli L'Orientale;6303;M;2336
2019/2020;Napoli Parthenope;6302;F;4619
2019/2020;Napoli Parthenope;6302;M;6111
2019/2020;Napoli Pegaso - telematica;6307;F;23447
2019/2020;Napoli Pegaso - telematica;6307;M;30509
2019/2020;Napoli Vanvitelli;6306;F;13356
2019/2020;Napoli Vanvitelli;6306;M;9373
2019/2020;Novedrate e-Campus - telematica;1301;F;11486
2019/2020;Novedrate e-Campus - telematica;1301;M;10463
2019/2020;Padova;2801;F;31707
2019/2020;Padova;2801;M;28275
2019/2020;Palermo;8201;F;23709
2019/2020;Palermo;8201;M;16998
2019/2020;Parma;3401;F;15388
2019/2020;Parma;3401;M;11282
2019/2020;Pavia;1801;F;12992
2019/2020;Pavia;1801;M;10309
2019/2020;Perugia;5401;F;13593
2019/2020;Perugia;5401;M;9916
2019/2020;Perugia Stranieri;5403;F;714
2019/2020;Perugia Stranieri;5403;M;380
2019/2020;Piemonte Orientale;201;F;7948
2019/2020;Piemonte Orientale;201;M;5176
2019/2020;Pisa;5001;F;22740
2019/2020;Pisa;5001;M;21554
2019/2020;Reggio Calabria;8001;F;2535
2019/2020;Reggio Calabria;8001;M;2329
2019/2020;Reggio Calabria - Dante Alighieri;8003;F;567
2019/2020;Reggio Calabria - Dante Alighieri;8003;M;130
2019/2020;Roma  Mercatorum - telematica;5814;F;2029
2019/2020;Roma  Mercatorum - telematica;5814;M;4235
2019/2020;Roma Biomedico;5808;F;1233
2019/2020;Roma Biomedico;5808;M;786
2019/2020;Roma Europea;5812;F;1075
2019/2020;Roma Europea;5812;M;419
2019/2020;Roma Foro Italico;5806;F;567
2019/2020;Roma Foro Italico;5806;M;1519
2019/2020;Roma La Sapienza;5801;F;59542
2019/2020;Roma La Sapienza;5801;M;44055
2019/2020;Roma Link Campus;5817;F;258
2019/2020;Roma Link Campus;5817;M;620
2019/2020;Roma LUISS;5805;F;4313
2019/2020;Roma LUISS;5805;M;5154
2019/2020;Roma LUMSA;5803;F;4253
2019/2020;Roma LUMSA;5803;M;1892
2019/2020;Roma Marconi - telematica;5810;F;5249
2019/2020;Roma Marconi - telematica;5810;M;4996
2019/2020;Roma Saint Camillus;5818;F;364
2019/2020;Roma Saint Camillus;5818;M;196
2019/2020;Roma San Raffaele - telematica;5816;F;2933
2019/2020;Roma San Raffaele - telematica;5816;M;3770
2019/2020;Roma Tor Vergata;5802;F;14288
2019/2020;Roma Tor Vergata;5802;M;12571
2019/2020;Roma Tre;5807;F;18318
2019/2020;Roma Tre;5807;M;12500
2019/2020;Roma UNICUSANO - telematica;5815;F;10149
2019/2020;Roma UNICUSANO - telematica;5815;M;13433
2019/2020;Roma UNINETTUNO - telematica;5813;F;6157
2019/2020;Roma UNINETTUNO - telematica;5813;M;8979
2019/2020;Roma UNINT;5809;F;1416
2019/2020;Roma UNINT;5809;M;352
2019/2020;Roma UNITELMA - telematica;5811;F;1107
2019/2020;Roma UNITELMA - telematica;5811;M;1135
2019/2020;Rozzano (MI) Humanitas University;1510;F;757
2019/2020;Rozzano (MI) Humanitas University;1510;M;423
2019/2020;Salento;7501;F;10790
2019/2020;Salento;7501;M;6655
2019/2020;Salerno;6501;F;19502
2019/2020;Salerno;6501;M;15639
2019/2020;Sannio;6201;F;2227
2019/2020;Sannio;6201;M;2073
2019/2020;Sassari;9001;F;8361
2019/2020;Sassari;9001;M;4919
2019/2020;Siena;5201;F;9360
2019/2020;Siena;5201;M;6105
2019/2020;Siena Stranieri;5202;F;1801
2019/2020;Siena Stranieri;5202;M;369
2019/2020;Teramo;6701;F;3136
2019/2020;Teramo;6701;M;2355
2019/2020;Torino;101;F;45909
2019/2020;Torino;101;M;29097
2019/2020;Torino Politecnico;102;F;9475
2019/2020;Torino Politecnico;102;M;23533
2019/2020;Torrevecchia Teatina Leonardo da Vinci - telematica;6902;F;37
2019/2020;Torrevecchia Teatina Leonardo da Vinci - telematica;6902;M;22
2019/2020;Trento;2201;F;8554
2019/2020;Trento;2201;M;8231
2019/2020;Trieste;3201;F;8865
2019/2020;Trieste;3201;M;6610
2019/2020;Tuscia;5601;F;4050
2019/2020;Tuscia;5601;M;3861
2019/2020;Udine;3001;F;7730
2019/2020;Udine;3001;M;7121
2019/2020;Urbino;4101;F;9040
2019/2020;Urbino;4101;M;5467
2019/2020;Venezia Cà Foscari;2701;F;13507
2019/2020;Venezia Cà Foscari;2701;M;7557
2019/2020;Venezia Iuav;2702;F;2120
2019/2020;Venezia Iuav;2702;M;1689
2019/2020;Verona;2301;F;14474
2019/2020;Verona;2301;M;7946
2018/2019;Aosta;701;F;708
2018/2019;Aosta;701;M;316
2018/2019;Bari;7201;F;26715
2018/2019;Bari;7201;M;15980
2018/2019;Bari Politecnico;7202;F;3009
2018/2019;Bari Politecnico;7202;M;6808
2018/2019;Basilicata;7601;F;3711
2018/2019;Basilicata;7601;M;2705
2018/2019;Benevento Giustino Fortunato - telematica;6202;F;392
2018/2019;Benevento Giustino Fortunato - telematica;6202;M;551
2018/2019;Bergamo;1601;F;12043
2018/2019;Bergamo;1601;M;7410
2018/2019;Bologna;3701;F;44745
2018/2019;Bologna;3701;M;35394
2018/2019;Bolzano;2101;F;2559
2018/2019;Bolzano;2101;M;1198
2018/2019;Bra Scienze Gastronomiche;401;F;168
2018/2019;Bra Scienze Gastronomiche;401;M;192
2018/2019;Brescia;1701;F;6374
2018/2019;Brescia;1701;M;7590
2018/2019;Cagliari;9201;F;14572
2018/2019;Cagliari;9201;M;10272
2018/2019;Calabria;7801;F;14610
2018/2019;Calabria;7801;M;10686
2018/2019;Camerino;4302;F;3397
2018/2019;Camerino;4302;M;3427
2018/2019;Casamassima - G.Degennaro;7203;F;599
2018/2019;Casamassima - G.Degennaro;7203;M;903
2018/2019;Cassino;6001;F;3911
2018/2019;Cassino;6001;M;3338
2018/2019;Castellanza LIUC;1201;F;794
2018/2019;Castellanza LIUC;1201;M;1491
2018/2019;Catania;8701;F;22607
2018/2019;Catania;8701;M;16845
2018/2019;Catanzaro;7901;F;6613
2018/2019;Catanzaro;7901;M;4167
2018/2019;Chieti e Pescara;6901;F;15095
2018/2019;Chieti e Pescara;6901;M;8572
2018/2019;Enna KORE;8601;F;3158
2018/2019;Enna KORE;8601;M;1662
2018/2019;Ferrara;3801;F;11811
2018/2019;Ferrara;3801;M;8505
2018/2019;Firenze;4801;F;29879
2018/2019;Firenze;4801;M;21811
2018/2019;Firenze IUL - telematica;4804;F;201
2018/2019;Firenze IUL - telematica;4804;M;73
2018/2019;Foggia;7101;F;6427
2018/2019;Foggia;7101;M;3929
2018/2019;Genova;1001;F;16751
2018/2019;Genova;1001;M;13521
2018/2019;Insubria;1202;F;5828
2018/2019;Insubria;1202;M;4874
2018/2019;L'Aquila;6601;F;8889
2018/2019;L'Aquila;6601;M;7023
2018/2019;Macerata;4301;F;7441
2018/2019;Macerata;4301;M;2765
2018/2019;Marche;4201;F;6718
2018/2019;Marche;4201;M;8288
2018/2019;Messina;8301;F;14100
2018/2019;Messina;8301;M;8353
2018/2019;Milano;1501;F;34735
2018/2019;Milano;1501;M;24684
2018/2019;Milano Bicocca;1509;F;20253
2018/2019;Milano Bicocca;1509;M;12885
2018/2019;Milano Bocconi;1503;F;5762
2018/2019;Milano Bocconi;1503;M;7763
2018/2019;Milano Cattolica;1504;F;26174
2018/2019;Milano Cattolica;1504;M;13725
2018/2019;Milano IULM;1505;F;4454
2018/2019;Milano IULM;1505;M;1797
2018/2019;Milano Politecnico;1502;F;14857
2018/2019;Milano Politecnico;1502;M;29789
2018/2019;Milano San Raffaele;1508;F;1719
2018/2019;Milano San Raffaele;1508;M;1084
2018/2019;Modena e Reggio Emilia;3601;F;13266
2018/2019;Modena e Reggio Emilia;3601;M;11680
2018/2019;Molise;7001;F;3984
2018/2019;Molise;7001;M;2823
2018/2019;Napoli Benincasa;6304;F;7011
2018/2019;Napoli Benincasa;6304;M;1206
2018/2019;Napoli Federico II;6301;F;41103
2018/2019;Napoli Federico II;6301;M;33585
2018/2019;Napoli L'Orientale;6303;F;9226
2018/2019;Napoli L'Orientale;6303;M;2363
2018/2019;Napoli Parthenope;6302;F;4834
2018/2019;Napoli Parthenope;6302;M;6428
2018/2019;Napoli Pegaso - telematica;6307;F;16552
2018/2019;Napoli Pegaso - telematica;6307;M;23244
2018/2019;Napoli Vanvitelli;6306;F;13996
2018/2019;Napoli Vanvitelli;6306;M;9941
2018/2019;Novedrate e-Campus - telematica;1301;F;8006
2018/2019;Novedrate e-Campus - telematica;1301;M;7652
2018/2019;Padova;2801;F;31065
2018/2019;Padova;2801;M;27707
2018/2019;Palermo;8201;F;22881
2018/2019;Palermo;8201;M;16588
2018/2019;Parma;3401;F;14731
2018/2019;Parma;3401;M;11030
2018/2019;Pavia;1801;F;12802
2018/2019;Pavia;1801;M;10304
2018/2019;Perugia;5401;F;13393
2018/2019;Perugia;5401;M;10101
2018/2019;Perugia Stranieri;5403;F;671
2018/2019;Perugia Stranieri;5403;M;380
2018/2019;Piemonte Orientale;201;F;7734
2018/2019;Piemonte Orientale;201;M;4914
2018/2019;Pisa;5001;F;22724
2018/2019;Pisa;5001;M;21644
2018/2019;Reggio Calabria;8001;F;2492
2018/2019;Reggio Calabria;8001;M;2443
2018/2019;Reggio Calabria - Dante Alighieri;8003;F;640
2018/2019;Reggio Calabria - Dante Alighieri;8003;M;140
2018/2019;Roma  Mercatorum - telematica;5814;F;890
2018/2019;Roma  Mercatorum - telematica;5814;M;2554
2018/2019;Roma Biomedico;5808;F;1132
2018/2019;Roma Biomedico;5808;M;710
2018/2019;Roma Europea;5812;F;851
2018/2019;Roma Europea;5812;M;388
2018/2019;Roma Foro Italico;5806;F;555
2018/2019;Roma Foro Italico;5806;M;1576
2018/2019;Roma La Sapienza;5801;F;58356
2018/2019;Roma La Sapienza;5801;M;43529
2018/2019;Roma Link Campus;5817;F;472
2018/2019;Roma Link Campus;5817;M;1379
2018/2019;Roma LUISS;5805;F;4218
2018/2019;Roma LUISS;5805;M;5070
2018/2019;Roma LUMSA;5803;F;3984
2018/2019;Roma LUMSA;5803;M;1756
2018/2019;Roma Marconi - telematica;5810;F;4871
2018/2019;Roma Marconi - telematica;5810;M;4758
2018/2019;Roma Saint Camillus;5818;F;132
2018/2019;Roma Saint Camillus;5818;M;75
2018/2019;Roma San Raffaele - telematica;5816;F;2375
2018/2019;Roma San Raffaele - telematica;5816;M;3094
2018/2019;Roma Tor Vergata;5802;F;14536
2018/2019;Roma Tor Vergata;5802;M;13287
2018/2019;Roma Tre;5807;F;18494
2018/2019;Roma Tre;5807;M;12700
2018/2019;Roma UNICUSANO - telematica;5815;F;9941
2018/2019;Roma UNICUSANO - telematica;5815;M;14278
2018/2019;Roma UNINETTUNO - telematica;5813;F;5271
2018/2019;Roma UNINETTUNO - telematica;5813;M;7919
2018/2019;Roma UNINT;5809;F;1206
2018/2019;Roma UNINT;5809;M;333
2018/2019;Roma UNITELMA - telematica;5811;F;833
2018/2019;Roma UNITELMA - telematica;5811;M;915
2018/2019;Rozzano (MI) Humanitas University;1510;F;611
2018/2019;Rozzano (MI) Humanitas University;1510;M;339
2018/2019;Salento;7501;F;10579
2018/2019;Salento;7501;M;6434
2018/2019;Salerno;6501;F;19922
2018/2019;Salerno;6501;M;15428
2018/2019;Sannio;6201;F;2388
2018/2019;Sannio;6201;M;2245
2018/2019;Sassari;9001;F;8350
2018/2019;Sassari;9001;M;4891
2018/2019;Siena;5201;F;9291
2018/2019;Siena;5201;M;6433
2018/2019;Siena Stranieri;5202;F;1768
2018/2019;Siena Stranieri;5202;M;385
2018/2019;Teramo;6701;F;3125
2018/2019;Teramo;6701;M;2395
2018/2019;Torino;101;F;44605
2018/2019;Torino;101;M;28293
2018/2019;Torino Politecnico;102;F;9189
2018/2019;Torino Politecnico;102;M;23301
2018/2019;Torrevecchia Teatina Leonardo da Vinci - telematica;6902;F;41
2018/2019;Torrevecchia Teatina Leonardo da Vinci - telematica;6902;M;30
2018/2019;Trento;2201;F;8374
2018/2019;Trento;2201;M;8153
2018/2019;Trieste;3201;F;8639
2018/2019;Trieste;3201;M;6677
2018/2019;Tuscia;5601;F;3867
2018/2019;Tuscia;5601;M;3907
2018/2019;Udine;3001;F;7742
2018/2019;Udine;3001;M;7115
2018/2019;Urbino;4101;F;8822
2018/2019;Urbino;4101;M;5405
2018/2019;Venezia Cà Foscari;2701;F;13359
2018/2019;Venezia Cà Foscari;2701;M;7428
2018/2019;Venezia Iuav;2702;F;2147
2018/2019;Venezia Iuav;2702;M;1814
2018/2019;Verona;2301;F;14624
2018/2019;Verona;2301;M;8123
2017/2018;Aosta;701;F;750
2017/2018;Aosta;701;M;301
2017/2018;Bari;7201;F;27058
2017/2018;Bari;7201;M;16233
2017/2018;Bari Politecnico;7202;F;3044
2017/2018;Bari Politecnico;7202;M;6713
2017/2018;Basilicata;7601;F;3766
2017/2018;Basilicata;7601;M;2813
2017/2018;Benevento Giustino Fortunato - telematica;6202;F;281
2017/2018;Benevento Giustino Fortunato - telematica;6202;M;542
2017/2018;Bergamo;1601;F;11143
2017/2018;Bergamo;1601;M;6953
2017/2018;Bologna;3701;F;44119
2017/2018;Bologna;3701;M;35401
2017/2018;Bolzano;2101;F;2502
2017/2018;Bolzano;2101;M;1179
2017/2018;Bra Scienze Gastronomiche;401;F;161
2017/2018;Bra Scienze Gastronomiche;401;M;179
2017/2018;Brescia;1701;F;6406
2017/2018;Brescia;1701;M;7562
2017/2018;Cagliari;9201;F;14777
2017/2018;Cagliari;9201;M;10386
2017/2018;Calabria;7801;F;15082
2017/2018;Calabria;7801;M;10956
2017/2018;Camerino;4302;F;3398
2017/2018;Camerino;4302;M;3387
2017/2018;Casamassima - G.Degennaro;7203;F;603
2017/2018;Casamassima - G.Degennaro;7203;M;950
2017/2018;Cassino;6001;F;3885
2017/2018;Cassino;6001;M;3346
2017/2018;Castellanza LIUC;1201;F;745
2017/2018;Castellanza LIUC;1201;M;1365
2017/2018;Catania;8701;F;24425
2017/2018;Catania;8701;M;17650
2017/2018;Catanzaro;7901;F;6297
2017/2018;Catanzaro;7901;M;4106
2017/2018;Chieti e Pescara;6901;F;15401
2017/2018;Chieti e Pescara;6901;M;8800
2017/2018;Enna KORE;8601;F;3326
2017/2018;Enna KORE;8601;M;1855
2017/2018;Ferrara;3801;F;10553
2017/2018;Ferrara;3801;M;7847
2017/2018;Firenze;4801;F;30315
2017/2018;Firenze;4801;M;21397
2017/2018;Firenze IUL - telematica;4804;F;160
2017/2018;Firenze IUL - telematica;4804;M;65
2017/2018;Foggia;7101;F;6334
2017/2018;Foggia;7101;M;3860
2017/2018;Genova;1001;F;17474
2017/2018;Genova;1001;M;14511
2017/2018;Insubria;1202;F;5400
2017/2018;Insubria;1202;M;4645
2017/2018;L'Aquila;6601;F;9125
2017/2018;L'Aquila;6601;M;7093
2017/2018;Macerata;4301;F;7282
2017/2018;Macerata;4301;M;2772
2017/2018;Marche;4201;F;6857
2017/2018;Marche;4201;M;8345
2017/2018;Messina;8301;F;14333
2017/2018;Messina;8301;M;8604
2017/2018;Milano;1501;F;35261
2017/2018;Milano;1501;M;25385
2017/2018;Milano Bicocca;1509;F;20227
2017/2018;Milano Bicocca;1509;M;12947
2017/2018;Milano Bocconi;1503;F;5907
2017/2018;Milano Bocconi;1503;M;7521
2017/2018;Milano Cattolica;1504;F;25046
2017/2018;Milano Cattolica;1504;M;13455
2017/2018;Milano IULM;1505;F;4062
2017/2018;Milano IULM;1505;M;1670
2017/2018;Milano Politecnico;1502;F;14511
2017/2018;Milano Politecnico;1502;M;29162
2017/2018;Milano San Raffaele;1508;F;1579
2017/2018;Milano San Raffaele;1508;M;1022
2017/2018;Modena e Reggio Emilia;3601;F;12527
2017/2018;Modena e Reggio Emilia;3601;M;11231
2017/2018;Molise;7001;F;4097
2017/2018;Molise;7001;M;2797
2017/2018;Napoli Benincasa;6304;F;7023
2017/2018;Napoli Benincasa;6304;M;1206
2017/2018;Napoli Federico II;6301;F;41471
2017/2018;Napoli Federico II;6301;M;33787
2017/2018;Napoli L'Orientale;6303;F;8845
2017/2018;Napoli L'Orientale;6303;M;2377
2017/2018;Napoli Parthenope;6302;F;5153
2017/2018;Napoli Parthenope;6302;M;6818
2017/2018;Napoli Pegaso - telematica;6307;F;11718
2017/2018;Napoli Pegaso - telematica;6307;M;18116
2017/2018;Napoli Vanvitelli;6306;F;14345
2017/2018;Napoli Vanvitelli;6306;M;10407
2017/2018;Novedrate e-Campus - telematica;1301;F;5702
2017/2018;Novedrate e-Campus - telematica;1301;M;5680
2017/2018;Padova;2801;F;30748
2017/2018;Padova;2801;M;27286
2017/2018;Palermo;8201;F;22801
2017/2018;Palermo;8201;M;16511
2017/2018;Parma;3401;F;13992
2017/2018;Parma;3401;M;10803
2017/2018;Pavia;1801;F;12175
2017/2018;Pavia;1801;M;9829
2017/2018;Perugia;5401;F;13104
2017/2018;Perugia;5401;M;9879
2017/2018;Perugia Stranieri;5403;F;614
2017/2018;Perugia Stranieri;5403;M;321
2017/2018;Piemonte Orientale;201;F;7386
2017/2018;Piemonte Orientale;201;M;4745
2017/2018;Pisa;5001;F;22670
2017/2018;Pisa;5001;M;21639
2017/2018;Reggio Calabria;8001;F;2629
2017/2018;Reggio Calabria;8001;M;2641
2017/2018;Reggio Calabria - Dante Alighieri;8003;F;709
2017/2018;Reggio Calabria - Dante Alighieri;8003;M;151
2017/2018;Roma  Mercatorum - telematica;5814;F;394
2017/2018;Roma  Mercatorum - telematica;5814;M;1543
2017/2018;Roma Biomedico;5808;F;1088
2017/2018;Roma Biomedico;5808;M;693
2017/2018;Roma Europea;5812;F;668
2017/2018;Roma Europea;5812;M;337
2017/2018;Roma Foro Italico;5806;F;572
2017/2018;Roma Foro Italico;5806;M;1602
2017/2018;Roma La Sapienza;5801;F;57288
2017/2018;Roma La Sapienza;5801;M;42995
2017/2018;Roma Link Campus;5817;F;526
2017/2018;Roma Link Campus;5817;M;1351
2017/2018;Roma LUISS;5805;F;4144
2017/2018;Roma LUISS;5805;M;4901
2017/2018;Roma LUMSA;5803;F;3896
2017/2018;Roma LUMSA;5803;M;1746
2017/2018;Roma Marconi - telematica;5810;F;4407
2017/2018;Roma Marconi - telematica;5810;M;4758
2017/2018;Roma San Raffaele - telematica;5816;F;1838
2017/2018;Roma San Raffaele - telematica;5816;M;2399
2017/2018;Roma Tor Vergata;5802;F;14786
2017/2018;Roma Tor Vergata;5802;M;13834
2017/2018;Roma Tre;5807;F;18865
2017/2018;Roma Tre;5807;M;13085
2017/2018;Roma UNICUSANO - telematica;5815;F;8720
2017/2018;Roma UNICUSANO - telematica;5815;M;12960
2017/2018;Roma UNINETTUNO - telematica;5813;F;4536
2017/2018;Roma UNINETTUNO - telematica;5813;M;6983
2017/2018;Roma UNINT;5809;F;1005
2017/2018;Roma UNINT;5809;M;298
2017/2018;Roma UNITELMA - telematica;5811;F;786
2017/2018;Roma UNITELMA - telematica;5811;M;853
2017/2018;Rozzano (MI) Humanitas University;1510;F;438
2017/2018;Rozzano (MI) Humanitas University;1510;M;288
2017/2018;Salento;7501;F;10412
2017/2018;Salento;7501;M;6214
2017/2018;Salerno;6501;F;20219
2017/2018;Salerno;6501;M;15363
2017/2018;Sannio;6201;F;2490
2017/2018;Sannio;6201;M;2349
2017/2018;Sassari;9001;F;8330
2017/2018;Sassari;9001;M;4790
2017/2018;Siena;5201;F;9148
2017/2018;Siena;5201;M;6593
2017/2018;Siena Stranieri;5202;F;1668
2017/2018;Siena Stranieri;5202;M;401
2017/2018;Teramo;6701;F;3350
2017/2018;Teramo;6701;M;2505
2017/2018;Torino;101;F;43523
2017/2018;Torino;101;M;28062
2017/2018;Torino Politecnico;102;F;8998
2017/2018;Torino Politecnico;102;M;22904
2017/2018;Torrevecchia Teatina Leonardo da Vinci - telematica;6902;F;54
2017/2018;Torrevecchia Teatina Leonardo da Vinci - telematica;6902;M;45
2017/2018;Trento;2201;F;8191
2017/2018;Trento;2201;M;8063
2017/2018;Trieste;3201;F;8438
2017/2018;Trieste;3201;M;6693
2017/2018;Tuscia;5601;F;3956
2017/2018;Tuscia;5601;M;4148
2017/2018;Udine;3001;F;7718
2017/2018;Udine;3001;M;7189
2017/2018;Urbino;4101;F;8714
2017/2018;Urbino;4101;M;5417
2017/2018;Venezia Cà Foscari;2701;F;13103
2017/2018;Venezia Cà Foscari;2701;M;7223
2017/2018;Venezia Iuav;2702;F;2107
2017/2018;Venezia Iuav;2702;M;1888
2017/2018;Verona;2301;F;15121
2017/2018;Verona;2301;M;8348
2016/2017;Aosta;701;F;770
2016/2017;Aosta;701;M;289
2016/2017;Bari;7201;F;27661
2016/2017;Bari;7201;M;16684
2016/2017;Bari Politecnico;7202;F;3004
2016/2017;Bari Politecnico;7202;M;6645
2016/2017;Basilicata;7601;F;3833
2016/2017;Basilicata;7601;M;2875
2016/2017;Benevento Giustino Fortunato - telematica;6202;F;284
2016/2017;Benevento Giustino Fortunato - telematica;6202;M;497
2016/2017;Bergamo;1601;F;10428
2016/2017;Bergamo;1601;M;6373
2016/2017;Bologna;3701;F;43532
2016/2017;Bologna;3701;M;34991
2016/2017;Bolzano;2101;F;2247
2016/2017;Bolzano;2101;M;1046
2016/2017;Bra Scienze Gastronomiche;401;F;153
2016/2017;Bra Scienze Gastronomiche;401;M;166
2016/2017;Brescia;1701;F;6380
2016/2017;Brescia;1701;M;7513
2016/2017;Cagliari;9201;F;15376
2016/2017;Cagliari;9201;M;10605
2016/2017;Calabria;7801;F;15542
2016/2017;Calabria;7801;M;11022
2016/2017;Camerino;4302;F;3467
2016/2017;Camerino;4302;M;3475
2016/2017;Casamassima - G.Degennaro;7203;F;519
2016/2017;Casamassima - G.Degennaro;7203;M;848
2016/2017;Cassino;6001;F;4099
2016/2017;Cassino;6001;M;3495
2016/2017;Castellanza LIUC;1201;F;729
2016/2017;Castellanza LIUC;1201;M;1311
2016/2017;Catania;8701;F;25505
2016/2017;Catania;8701;M;17913
2016/2017;Catanzaro;7901;F;6221
2016/2017;Catanzaro;7901;M;4069
2016/2017;Chieti e Pescara;6901;F;15874
2016/2017;Chieti e Pescara;6901;M;9070
2016/2017;Enna KORE;8601;F;3498
2016/2017;Enna KORE;8601;M;2016
2016/2017;Ferrara;3801;F;8599
2016/2017;Ferrara;3801;M;6961
2016/2017;Firenze;4801;F;30029
2016/2017;Firenze;4801;M;21003
2016/2017;Firenze IUL - telematica;4804;F;149
2016/2017;Firenze IUL - telematica;4804;M;47
2016/2017;Foggia;7101;F;6014
2016/2017;Foggia;7101;M;3761
2016/2017;Genova;1001;F;17223
2016/2017;Genova;1001;M;14253
2016/2017;Insubria;1202;F;5058
2016/2017;Insubria;1202;M;4273
2016/2017;L'Aquila;6601;F;9612
2016/2017;L'Aquila;6601;M;7429
2016/2017;Macerata;4301;F;7297
2016/2017;Macerata;4301;M;2893
2016/2017;Marche;4201;F;6986
2016/2017;Marche;4201;M;8328
2016/2017;Messina;8301;F;14348
2016/2017;Messina;8301;M;8511
2016/2017;Milano;1501;F;34926
2016/2017;Milano;1501;M;24812
2016/2017;Milano Bicocca;1509;F;20023
2016/2017;Milano Bicocca;1509;M;12705
2016/2017;Milano Bocconi;1503;F;6121
2016/2017;Milano Bocconi;1503;M;7149
2016/2017;Milano Cattolica;1504;F;23910
2016/2017;Milano Cattolica;1504;M;13248
2016/2017;Milano IULM;1505;F;3714
2016/2017;Milano IULM;1505;M;1502
2016/2017;Milano Politecnico;1502;F;14037
2016/2017;Milano Politecnico;1502;M;28401
2016/2017;Milano San Raffaele;1508;F;1465
2016/2017;Milano San Raffaele;1508;M;993
2016/2017;Modena e Reggio Emilia;3601;F;11730
2016/2017;Modena e Reggio Emilia;3601;M;10426
2016/2017;Molise;7001;F;4084
2016/2017;Molise;7001;M;2851
2016/2017;Napoli Benincasa;6304;F;6972
2016/2017;Napoli Benincasa;6304;M;1174
2016/2017;Napoli Federico II;6301;F;42457
2016/2017;Napoli Federico II;6301;M;34356
2016/2017;Napoli L'Orientale;6303;F;8576
2016/2017;Napoli L'Orientale;6303;M;2376
2016/2017;Napoli Parthenope;6302;F;5546
2016/2017;Napoli Parthenope;6302;M;7290
2016/2017;Napoli Pegaso - telematica;6307;F;7353
2016/2017;Napoli Pegaso - telematica;6307;M;12879
2016/2017;Napoli Vanvitelli;6306;F;14799
2016/2017;Napoli Vanvitelli;6306;M;10608
2016/2017;Novedrate e-Campus - telematica;1301;F;4512
2016/2017;Novedrate e-Campus - telematica;1301;M;4579
2016/2017;Padova;2801;F;30921
2016/2017;Padova;2801;M;27045
2016/2017;Palermo;8201;F;23209
2016/2017;Palermo;8201;M;16619
2016/2017;Parma;3401;F;13394
2016/2017;Parma;3401;M;10492
2016/2017;Pavia;1801;F;11830
2016/2017;Pavia;1801;M;9538
2016/2017;Perugia;5401;F;13029
2016/2017;Perugia;5401;M;9919
2016/2017;Perugia Stranieri;5403;F;551
2016/2017;Perugia Stranieri;5403;M;330
2016/2017;Piemonte Orientale;201;F;7152
2016/2017;Piemonte Orientale;201;M;4591
2016/2017;Pisa;5001;F;23242
2016/2017;Pisa;5001;M;21976
2016/2017;Reggio Calabria;8001;F;2944
2016/2017;Reggio Calabria;8001;M;2904
2016/2017;Reggio Calabria - Dante Alighieri;8003;F;795
2016/2017;Reggio Calabria - Dante Alighieri;8003;M;158
2016/2017;Roma  Mercatorum - telematica;5814;F;221
2016/2017;Roma  Mercatorum - telematica;5814;M;505
2016/2017;Roma Biomedico;5808;F;1005
2016/2017;Roma Biomedico;5808;M;678
2016/2017;Roma Europea;5812;F;526
2016/2017;Roma Europea;5812;M;314
2016/2017;Roma Foro Italico;5806;F;582
2016/2017;Roma Foro Italico;5806;M;1611
2016/2017;Roma La Sapienza;5801;F;57524
2016/2017;Roma La Sapienza;5801;M;42895
2016/2017;Roma Link Campus;5817;F;550
2016/2017;Roma Link Campus;5817;M;1237
2016/2017;Roma LUISS;5805;F;3985
2016/2017;Roma LUISS;5805;M;4685
2016/2017;Roma LUMSA;5803;F;3848
2016/2017;Roma LUMSA;5803;M;1767
2016/2017;Roma Marconi - telematica;5810;F;4317
2016/2017;Roma Marconi - telematica;5810;M;5121
2016/2017;Roma San Raffaele - telematica;5816;F;1311
2016/2017;Roma San Raffaele - telematica;5816;M;1743
2016/2017;Roma Tor Vergata;5802;F;15132
2016/2017;Roma Tor Vergata;5802;M;14424
2016/2017;Roma Tre;5807;F;19073
2016/2017;Roma Tre;5807;M;13344
2016/2017;Roma UNICUSANO - telematica;5815;F;8223
2016/2017;Roma UNICUSANO - telematica;5815;M;12384
2016/2017;Roma UNINETTUNO - telematica;5813;F;4066
2016/2017;Roma UNINETTUNO - telematica;5813;M;6454
2016/2017;Roma UNINT;5809;F;1028
2016/2017;Roma UNINT;5809;M;324
2016/2017;Roma UNITELMA - telematica;5811;F;676
2016/2017;Roma UNITELMA - telematica;5811;M;817
2016/2017;Rozzano (MI) Humanitas University;1510;F;314
2016/2017;Rozzano (MI) Humanitas University;1510;M;211
2016/2017;Salento;7501;F;10454
2016/2017;Salento;7501;M;6125
2016/2017;Salerno;6501;F;20426
2016/2017;Salerno;6501;M;14932
2016/2017;Sannio;6201;F;2671
2016/2017;Sannio;6201;M;2497
2016/2017;Sassari;9001;F;8166
2016/2017;Sassari;9001;M;4716
2016/2017;Siena;5201;F;8955
2016/2017;Siena;5201;M;6509
2016/2017;Siena Stranieri;5202;F;1534
2016/2017;Siena Stranieri;5202;M;349
2016/2017;Teramo;6701;F;3537
2016/2017;Teramo;6701;M;2564
2016/2017;Torino;101;F;41807
2016/2017;Torino;101;M;26606
2016/2017;Torino Politecnico;102;F;8809
2016/2017;Torino Politecnico;102;M;22440
2016/2017;Torrevecchia Teatina Leonardo da Vinci - telematica;6902;F;85
2016/2017;Torrevecchia Teatina Leonardo da Vinci - telematica;6902;M;68
2016/2017;Trento;2201;F;8142
2016/2017;Trento;2201;M;8014
2016/2017;Trieste;3201;F;8259
2016/2017;Trieste;3201;M;6574
2016/2017;Tuscia;5601;F;3906
2016/2017;Tuscia;5601;M;4106
2016/2017;Udine;3001;F;7765
2016/2017;Udine;3001;M;7263
2016/2017;Urbino;4101;F;8567
2016/2017;Urbino;4101;M;5368
2016/2017;Venezia Cà Foscari;2701;F;12849
2016/2017;Venezia Cà Foscari;2701;M;6970
2016/2017;Venezia Iuav;2702;F;2154
2016/2017;Venezia Iuav;2702;M;1986
2016/2017;Verona;2301;F;14775
2016/2017;Verona;2301;M;8336
2015/2016;Aosta;701;F;804
2015/2016;Aosta;701;M;314
2015/2016;Bari;7201;F;29204
2015/2016;Bari;7201;M;17322
2015/2016;Bari Politecnico;7202;F;3052
2015/2016;Bari Politecnico;7202;M;6741
2015/2016;Basilicata;7601;F;3959
2015/2016;Basilicata;7601;M;2976
2015/2016;Benevento Giustino Fortunato - telematica;6202;F;281
2015/2016;Benevento Giustino Fortunato - telematica;6202;M;466
2015/2016;Bergamo;1601;F;9836
2015/2016;Bergamo;1601;M;5802
2015/2016;Bologna;3701;F;43268
2015/2016;Bologna;3701;M;34556
2015/2016;Bolzano;2101;F;2072
2015/2016;Bolzano;2101;M;956
2015/2016;Bra Scienze Gastronomiche;401;F;167
2015/2016;Bra Scienze Gastronomiche;401;M;155
2015/2016;Brescia;1701;F;6510
2015/2016;Brescia;1701;M;7462
2015/2016;Cagliari;9201;F;15580
2015/2016;Cagliari;9201;M;10652
2015/2016;Calabria;7801;F;16098
2015/2016;Calabria;7801;M;11189
2015/2016;Camerino;4302;F;3342
2015/2016;Camerino;4302;M;3125
2015/2016;Casamassima - G.Degennaro;7203;F;464
2015/2016;Casamassima - G.Degennaro;7203;M;773
2015/2016;Cassino;6001;F;4270
2015/2016;Cassino;6001;M;3555
2015/2016;Castellanza LIUC;1201;F;692
2015/2016;Castellanza LIUC;1201;M;1259
2015/2016;Catania;8701;F;26883
2015/2016;Catania;8701;M;18254
2015/2016;Catanzaro;7901;F;6159
2015/2016;Catanzaro;7901;M;4149
2015/2016;Chieti e Pescara;6901;F;16520
2015/2016;Chieti e Pescara;6901;M;9237
2015/2016;Enna KORE;8601;F;3563
2015/2016;Enna KORE;8601;M;2226
2015/2016;Ferrara;3801;F;8456
2015/2016;Ferrara;3801;M;7061
2015/2016;Firenze;4801;F;29642
2015/2016;Firenze;4801;M;20677
2015/2016;Firenze IUL - telematica;4804;F;91
2015/2016;Firenze IUL - telematica;4804;M;18
2015/2016;Foggia;7101;F;5747
2015/2016;Foggia;7101;M;3522
2015/2016;Genova;1001;F;17177
2015/2016;Genova;1001;M;14187
2015/2016;Insubria;1202;F;4878
2015/2016;Insubria;1202;M;3998
2015/2016;L'Aquila;6601;F;10387
2015/2016;L'Aquila;6601;M;7739
2015/2016;Macerata;4301;F;7131
2015/2016;Macerata;4301;M;2854
2015/2016;Marche;4201;F;7068
2015/2016;Marche;4201;M;8553
2015/2016;Messina;8301;F;14915
2015/2016;Messina;8301;M;8762
2015/2016;Milano;1501;F;35501
2015/2016;Milano;1501;M;24899
2015/2016;Milano Bicocca;1509;F;19695
2015/2016;Milano Bicocca;1509;M;12398
2015/2016;Milano Bocconi;1503;F;6285
2015/2016;Milano Bocconi;1503;M;6960
2015/2016;Milano Cattolica;1504;F;23406
2015/2016;Milano Cattolica;1504;M;13101
2015/2016;Milano IULM;1505;F;3313
2015/2016;Milano IULM;1505;M;1351
2015/2016;Milano Politecnico;1502;F;13412
2015/2016;Milano Politecnico;1502;M;27370
2015/2016;Milano San Raffaele;1508;F;1374
2015/2016;Milano San Raffaele;1508;M;949
2015/2016;Modena e Reggio Emilia;3601;F;11016
2015/2016;Modena e Reggio Emilia;3601;M;9810
2015/2016;Molise;7001;F;4095
2015/2016;Molise;7001;M;2858
2015/2016;Napoli Benincasa;6304;F;6946
2015/2016;Napoli Benincasa;6304;M;1159
2015/2016;Napoli Federico II;6301;F;43387
2015/2016;Napoli Federico II;6301;M;34570
2015/2016;Napoli L'Orientale;6303;F;8312
2015/2016;Napoli L'Orientale;6303;M;2368
2015/2016;Napoli Parthenope;6302;F;6126
2015/2016;Napoli Parthenope;6302;M;7692
2015/2016;Napoli Pegaso - telematica;6307;F;4960
2015/2016;Napoli Pegaso - telematica;6307;M;8299
2015/2016;Napoli Vanvitelli;6306;F;15089
2015/2016;Napoli Vanvitelli;6306;M;10839
2015/2016;Novedrate e-Campus - telematica;1301;F;3850
2015/2016;Novedrate e-Campus - telematica;1301;M;4013
2015/2016;Padova;2801;F;31577
2015/2016;Padova;2801;M;26944
2015/2016;Palermo;8201;F;23620
2015/2016;Palermo;8201;M;16561
2015/2016;Parma;3401;F;12911
2015/2016;Parma;3401;M;10150
2015/2016;Pavia;1801;F;11699
2015/2016;Pavia;1801;M;9376
2015/2016;Perugia;5401;F;12033
2015/2016;Perugia;5401;M;9495
2015/2016;Perugia Stranieri;5403;F;527
2015/2016;Perugia Stranieri;5403;M;365
2015/2016;Piemonte Orientale;201;F;6559
2015/2016;Piemonte Orientale;201;M;4208
2015/2016;Pisa;5001;F;23211
2015/2016;Pisa;5001;M;21831
2015/2016;Reggio Calabria;8001;F;3168
2015/2016;Reggio Calabria;8001;M;3100
2015/2016;Reggio Calabria - Dante Alighieri;8003;F;803
2015/2016;Reggio Calabria - Dante Alighieri;8003;M;161
2015/2016;Roma  Mercatorum - telematica;5814;F;112
2015/2016;Roma  Mercatorum - telematica;5814;M;171
2015/2016;Roma Biomedico;5808;F;1015
2015/2016;Roma Biomedico;5808;M;665
2015/2016;Roma Europea;5812;F;461
2015/2016;Roma Europea;5812;M;300
2015/2016;Roma Foro Italico;5806;F;617
2015/2016;Roma Foro Italico;5806;M;1612
2015/2016;Roma La Sapienza;5801;F;57469
2015/2016;Roma La Sapienza;5801;M;42344
2015/2016;Roma Link Campus;5817;F;550
2015/2016;Roma Link Campus;5817;M;1199
2015/2016;Roma LUISS;5805;F;3860
2015/2016;Roma LUISS;5805;M;4256
2015/2016;Roma LUMSA;5803;F;4066
2015/2016;Roma LUMSA;5803;M;1817
2015/2016;Roma Marconi - telematica;5810;F;4129
2015/2016;Roma Marconi - telematica;5810;M;5400
2015/2016;Roma San Raffaele - telematica;5816;F;836
2015/2016;Roma San Raffaele - telematica;5816;M;1207
2015/2016;Roma Tor Vergata;5802;F;15225
2015/2016;Roma Tor Vergata;5802;M;14455
2015/2016;Roma Tre;5807;F;20142
2015/2016;Roma Tre;5807;M;13802
2015/2016;Roma UNICUSANO - telematica;5815;F;6897
2015/2016;Roma UNICUSANO - telematica;5815;M;10365
2015/2016;Roma UNINETTUNO - telematica;5813;F;3744
2015/2016;Roma UNINETTUNO - telematica;5813;M;6076
2015/2016;Roma UNINT;5809;F;1057
2015/2016;Roma UNINT;5809;M;347
2015/2016;Roma UNITELMA - telematica;5811;F;676
2015/2016;Roma UNITELMA - telematica;5811;M;814
2015/2016;Rozzano (MI) Humanitas University;1510;F;215
2015/2016;Rozzano (MI) Humanitas University;1510;M;131
2015/2016;Salento;7501;F;10690
2015/2016;Salento;7501;M;6291
2015/2016;Salerno;6501;F;20691
2015/2016;Salerno;6501;M;14291
2015/2016;Sannio;6201;F;2811
2015/2016;Sannio;6201;M;2678
2015/2016;Sassari;9001;F;7892
2015/2016;Sassari;9001;M;4567
2015/2016;Siena;5201;F;8957
2015/2016;Siena;5201;M;6508
2015/2016;Siena Stranieri;5202;F;1316
2015/2016;Siena Stranieri;5202;M;318
2015/2016;Teramo;6701;F;3619
2015/2016;Teramo;6701;M;2576
2015/2016;Torino;101;F;40719
2015/2016;Torino;101;M;25622
2015/2016;Torino Politecnico;102;F;8736
2015/2016;Torino Politecnico;102;M;22005
2015/2016;Torrevecchia Teatina Leonardo da Vinci - telematica;6902;F;80
2015/2016;Torrevecchia Teatina Leonardo da Vinci - telematica;6902;M;55
2015/2016;Trento;2201;F;8269
2015/2016;Trento;2201;M;7968
2015/2016;Trieste;3201;F;8486
2015/2016;Trieste;3201;M;6577
2015/2016;Tuscia;5601;F;3866
2015/2016;Tuscia;5601;M;3967
2015/2016;Udine;3001;F;7666
2015/2016;Udine;3001;M;7207
2015/2016;Urbino;4101;F;8488
2015/2016;Urbino;4101;M;5379
2015/2016;Venezia Cà Foscari;2701;F;12813
2015/2016;Venezia Cà Foscari;2701;M;6955
2015/2016;Venezia Iuav;2702;F;2182
2015/2016;Venezia Iuav;2702;M;2080
2015/2016;Verona;2301;F;14593
2015/2016;Verona;2301;M;8085
2014/2015;Aosta;701;F;836
2014/2015;Aosta;701;M;316
2014/2015;Bari;7201;F;30803
2014/2015;Bari;7201;M;17862
2014/2015;Bari Politecnico;7202;F;3269
2014/2015;Bari Politecnico;7202;M;7024
2014/2015;Basilicata;7601;F;4204
2014/2015;Basilicata;7601;M;3024
2014/2015;Benevento Giustino Fortunato - telematica;6202;F;241
2014/2015;Benevento Giustino Fortunato - telematica;6202;M;385
2014/2015;Bergamo;1601;F;9323
2014/2015;Bergamo;1601;M;5535
2014/2015;Bologna;3701;F;43044
2014/2015;Bologna;3701;M;33877
2014/2015;Bolzano;2101;F;1859
2014/2015;Bolzano;2101;M;899
2014/2015;Bra Scienze Gastronomiche;401;F;164
2014/2015;Bra Scienze Gastronomiche;401;M;131
2014/2015;Brescia;1701;F;6655
2014/2015;Brescia;1701;M;7497
2014/2015;Cagliari;9201;F;15973
2014/2015;Cagliari;9201;M;10689
2014/2015;Calabria;7801;F;16978
2014/2015;Calabria;7801;M;11764
2014/2015;Camerino;4302;F;3446
2014/2015;Camerino;4302;M;3237
2014/2015;Casamassima - G.Degennaro;7203;F;497
2014/2015;Casamassima - G.Degennaro;7203;M;750
2014/2015;Cassino;6001;F;4507
2014/2015;Cassino;6001;M;3682
2014/2015;Castellanza LIUC;1201;F;674
2014/2015;Castellanza LIUC;1201;M;1143
2014/2015;Catania;8701;F;28208
2014/2015;Catania;8701;M;18557
2014/2015;Catanzaro;7901;F;6547
2014/2015;Catanzaro;7901;M;4199
2014/2015;Chieti e Pescara;6901;F;17651
2014/2015;Chieti e Pescara;6901;M;9709
2014/2015;Enna KORE;8601;F;3601
2014/2015;Enna KORE;8601;M;2357
2014/2015;Ferrara;3801;F;8618
2014/2015;Ferrara;3801;M;7032
2014/2015;Firenze;4801;F;29990
2014/2015;Firenze;4801;M;20911
2014/2015;Firenze IUL - telematica;4804;F;35
2014/2015;Firenze IUL - telematica;4804;M;5
2014/2015;Foggia;7101;F;6055
2014/2015;Foggia;7101;M;3470
2014/2015;Genova;1001;F;17775
2014/2015;Genova;1001;M;14465
2014/2015;Insubria;1202;F;4971
2014/2015;Insubria;1202;M;3895
2014/2015;L'Aquila;6601;F;12130
2014/2015;L'Aquila;6601;M;9106
2014/2015;Macerata;4301;F;6916
2014/2015;Macerata;4301;M;2815
2014/2015;Marche;4201;F;7114
2014/2015;Marche;4201;M;8615
2014/2015;Messina;8301;F;16268
2014/2015;Messina;8301;M;9262
2014/2015;Milano;1501;F;35596
2014/2015;Milano;1501;M;25082
2014/2015;Milano Bicocca;1509;F;19825
2014/2015;Milano Bicocca;1509;M;12332
2014/2015;Milano Bocconi;1503;F;6449
2014/2015;Milano Bocconi;1503;M;6880
2014/2015;Milano Cattolica;1504;F;23412
2014/2015;Milano Cattolica;1504;M;13028
2014/2015;Milano IULM;1505;F;3049
2014/2015;Milano IULM;1505;M;1269
2014/2015;Milano Politecnico;1502;F;13335
2014/2015;Milano Politecnico;1502;M;26744
2014/2015;Milano San Raffaele;1508;F;1258
2014/2015;Milano San Raffaele;1508;M;865
2014/2015;Modena e Reggio Emilia;3601;F;10577
2014/2015;Modena e Reggio Emilia;3601;M;9120
2014/2015;Molise;7001;F;4136
2014/2015;Molise;7001;M;2884
2014/2015;Napoli Benincasa;6304;F;6822
2014/2015;Napoli Benincasa;6304;M;1161
2014/2015;Napoli Federico II;6301;F;45268
2014/2015;Napoli Federico II;6301;M;35360
2014/2015;Napoli L'Orientale;6303;F;8110
2014/2015;Napoli L'Orientale;6303;M;2347
2014/2015;Napoli Parthenope;6302;F;6522
2014/2015;Napoli Parthenope;6302;M;8128
2014/2015;Napoli Pegaso - telematica;6307;F;3869
2014/2015;Napoli Pegaso - telematica;6307;M;6936
2014/2015;Napoli Vanvitelli;6306;F;15421
2014/2015;Napoli Vanvitelli;6306;M;10917
2014/2015;Novedrate e-Campus - telematica;1301;F;3687
2014/2015;Novedrate e-Campus - telematica;1301;M;3977
2014/2015;Padova;2801;F;31751
2014/2015;Padova;2801;M;26721
2014/2015;Palermo;8201;F;25040
2014/2015;Palermo;8201;M;17420
2014/2015;Parma;3401;F;13205
2014/2015;Parma;3401;M;10154
2014/2015;Pavia;1801;F;11812
2014/2015;Pavia;1801;M;9459
2014/2015;Perugia;5401;F;12586
2014/2015;Perugia;5401;M;9749
2014/2015;Perugia Stranieri;5403;F;630
2014/2015;Perugia Stranieri;5403;M;359
2014/2015;Piemonte Orientale;201;F;6332
2014/2015;Piemonte Orientale;201;M;4067
2014/2015;Pisa;5001;F;23315
2014/2015;Pisa;5001;M;22027
2014/2015;Reggio Calabria;8001;F;3438
2014/2015;Reggio Calabria;8001;M;3371
2014/2015;Reggio Calabria - Dante Alighieri;8003;F;750
2014/2015;Reggio Calabria - Dante Alighieri;8003;M;156
2014/2015;Roma  Mercatorum - telematica;5814;F;103
2014/2015;Roma  Mercatorum - telematica;5814;M;161
2014/2015;Roma Biomedico;5808;F;982
2014/2015;Roma Biomedico;5808;M;659
2014/2015;Roma Europea;5812;F;495
2014/2015;Roma Europea;5812;M;311
2014/2015;Roma Foro Italico;5806;F;650
2014/2015;Roma Foro Italico;5806;M;1556
2014/2015;Roma La Sapienza;5801;F;59364
2014/2015;Roma La Sapienza;5801;M;43087
2014/2015;Roma Link Campus;5817;F;485
2014/2015;Roma Link Campus;5817;M;929
2014/2015;Roma LUISS;5805;F;3791
2014/2015;Roma LUISS;5805;M;3914
2014/2015;Roma LUMSA;5803;F;3979
2014/2015;Roma LUMSA;5803;M;1901
2014/2015;Roma Marconi - telematica;5810;F;3477
2014/2015;Roma Marconi - telematica;5810;M;5005
2014/2015;Roma San Raffaele - telematica;5816;F;532
2014/2015;Roma San Raffaele - telematica;5816;M;858
2014/2015;Roma Tor Vergata;5802;F;15487
2014/2015;Roma Tor Vergata;5802;M;14804
2014/2015;Roma Tre;5807;F;20537
2014/2015;Roma Tre;5807;M;14295
2014/2015;Roma UNICUSANO - telematica;5815;F;5670
2014/2015;Roma UNICUSANO - telematica;5815;M;8585
2014/2015;Roma UNINETTUNO - telematica;5813;F;3529
2014/2015;Roma UNINETTUNO - telematica;5813;M;5713
2014/2015;Roma UNINT;5809;F;965
2014/2015;Roma UNINT;5809;M;331
2014/2015;Roma UNITELMA - telematica;5811;F;742
2014/2015;Roma UNITELMA - telematica;5811;M;838
2014/2015;Rozzano (MI) Humanitas University;1510;F;94
2014/2015;Rozzano (MI) Humanitas University;1510;M;47
2014/2015;Salento;7501;F;11376
2014/2015;Salento;7501;M;6531
2014/2015;Salerno;6501;F;20950
2014/2015;Salerno;6501;M;13979
2014/2015;Sannio;6201;F;3049
2014/2015;Sannio;6201;M;2760
2014/2015;Sassari;9001;F;8260
2014/2015;Sassari;9001;M;4590
2014/2015;Siena;5201;F;9106
2014/2015;Siena;5201;M;6507
2014/2015;Siena Stranieri;5202;F;1128
2014/2015;Siena Stranieri;5202;M;267
2014/2015;Teramo;6701;F;3723
2014/2015;Teramo;6701;M;2603
2014/2015;Torino;101;F;40729
2014/2015;Torino;101;M;25312
2014/2015;Torino Politecnico;102;F;8485
2014/2015;Torino Politecnico;102;M;21369
2014/2015;Torrevecchia Teatina Leonardo da Vinci - telematica;6902;F;124
2014/2015;Torrevecchia Teatina Leonardo da Vinci - telematica;6902;M;83
2014/2015;Trento;2201;F;8386
2014/2015;Trento;2201;M;8170
2014/2015;Trieste;3201;F;8809
2014/2015;Trieste;3201;M;6764
2014/2015;Tuscia;5601;F;3738
2014/2015;Tuscia;5601;M;3862
2014/2015;Udine;3001;F;7801
2014/2015;Udine;3001;M;7147
2014/2015;Urbino;4101;F;8561
2014/2015;Urbino;4101;M;5417
2014/2015;Venezia Cà Foscari;2701;F;12393
2014/2015;Venezia Cà Foscari;2701;M;6789
2014/2015;Venezia Iuav;2702;F;2272
2014/2015;Venezia Iuav;2702;M;2241
2014/2015;Verona;2301;F;14197
2014/2015;Verona;2301;M;7834
2013/2014;Aosta;701;F;836
2013/2014;Aosta;701;M;325
2013/2014;Bari;7201;F;32102
2013/2014;Bari;7201;M;18051
2013/2014;Bari Politecnico;7202;F;3389
2013/2014;Bari Politecnico;7202;M;7319
2013/2014;Basilicata;7601;F;4241
2013/2014;Basilicata;7601;M;3217
2013/2014;Benevento Giustino Fortunato - telematica;6202;F;194
2013/2014;Benevento Giustino Fortunato - telematica;6202;M;350
2013/2014;Bergamo;1601;F;9016
2013/2014;Bergamo;1601;M;5359
2013/2014;Bologna;3701;F;43530
2013/2014;Bologna;3701;M;34115
2013/2014;Bolzano;2101;F;1823
2013/2014;Bolzano;2101;M;829
2013/2014;Bra Scienze Gastronomiche;401;F;145
2013/2014;Bra Scienze Gastronomiche;401;M;119
2013/2014;Brescia;1701;F;6717
2013/2014;Brescia;1701;M;7492
2013/2014;Cagliari;9201;F;16764
2013/2014;Cagliari;9201;M;11050
2013/2014;Calabria;7801;F;18160
2013/2014;Calabria;7801;M;12369
2013/2014;Camerino;4302;F;3555
2013/2014;Camerino;4302;M;3355
2013/2014;Casamassima - G.Degennaro;7203;F;518
2013/2014;Casamassima - G.Degennaro;7203;M;782
2013/2014;Cassino;6001;F;4770
2013/2014;Cassino;6001;M;3851
2013/2014;Castellanza LIUC;1201;F;666
2013/2014;Castellanza LIUC;1201;M;1092
2013/2014;Catania;8701;F;30239
2013/2014;Catania;8701;M;19431
2013/2014;Catanzaro;7901;F;6379
2013/2014;Catanzaro;7901;M;4061
2013/2014;Chieti e Pescara;6901;F;18529
2013/2014;Chieti e Pescara;6901;M;10055
2013/2014;Enna KORE;8601;F;3583
2013/2014;Enna KORE;8601;M;2443
2013/2014;Ferrara;3801;F;8738
2013/2014;Ferrara;3801;M;7174
2013/2014;Firenze;4801;F;29545
2013/2014;Firenze;4801;M;20735
2013/2014;Firenze IUL - telematica;4804;F;18
2013/2014;Firenze IUL - telematica;4804;M;3
2013/2014;Foggia;7101;F;6116
2013/2014;Foggia;7101;M;3503
2013/2014;Genova;1001;F;18105
2013/2014;Genova;1001;M;14604
2013/2014;Insubria;1202;F;4785
2013/2014;Insubria;1202;M;3747
2013/2014;L'Aquila;6601;F;13512
2013/2014;L'Aquila;6601;M;10524
2013/2014;Macerata;4301;F;6933
2013/2014;Macerata;4301;M;2897
2013/2014;Marche;4201;F;6992
2013/2014;Marche;4201;M;8676
2013/2014;Messina;8301;F;16941
2013/2014;Messina;8301;M;9673
2013/2014;Milano;1501;F;35541
2013/2014;Milano;1501;M;24829
2013/2014;Milano Bicocca;1509;F;19931
2013/2014;Milano Bicocca;1509;M;12246
2013/2014;Milano Bocconi;1503;F;6649
2013/2014;Milano Bocconi;1503;M;6920
2013/2014;Milano Cattolica;1504;F;23742
2013/2014;Milano Cattolica;1504;M;13044
2013/2014;Milano IULM;1505;F;2935
2013/2014;Milano IULM;1505;M;1264
2013/2014;Milano Politecnico;1502;F;13296
2013/2014;Milano Politecnico;1502;M;26508
2013/2014;Milano San Raffaele;1508;F;1146
2013/2014;Milano San Raffaele;1508;M;855
2013/2014;Modena e Reggio Emilia;3601;F;10627
2013/2014;Modena e Reggio Emilia;3601;M;8925
2013/2014;Molise;7001;F;4328
2013/2014;Molise;7001;M;2995
2013/2014;Napoli Benincasa;6304;F;6884
2013/2014;Napoli Benincasa;6304;M;1195
2013/2014;Napoli Federico II;6301;F;46399
2013/2014;Napoli Federico II;6301;M;35749
2013/2014;Napoli L'Orientale;6303;F;8185
2013/2014;Napoli L'Orientale;6303;M;2299
2013/2014;Napoli Parthenope;6302;F;6839
2013/2014;Napoli Parthenope;6302;M;8648
2013/2014;Napoli Pegaso - telematica;6307;F;3055
2013/2014;Napoli Pegaso - telematica;6307;M;5862
2013/2014;Napoli Vanvitelli;6306;F;15541
2013/2014;Napoli Vanvitelli;6306;M;11138
2013/2014;Novedrate e-Campus - telematica;1301;F;3134
2013/2014;Novedrate e-Campus - telematica;1301;M;3590
2013/2014;Padova;2801;F;32154
2013/2014;Padova;2801;M;26230
2013/2014;Palermo;8201;F;26524
2013/2014;Palermo;8201;M;18148
2013/2014;Parma;3401;F;14143
2013/2014;Parma;3401;M;10792
2013/2014;Pavia;1801;F;11885
2013/2014;Pavia;1801;M;9652
2013/2014;Perugia;5401;F;12939
2013/2014;Perugia;5401;M;9956
2013/2014;Perugia Stranieri;5403;F;708
2013/2014;Perugia Stranieri;5403;M;392
2013/2014;Piemonte Orientale;201;F;6133
2013/2014;Piemonte Orientale;201;M;3960
2013/2014;Pisa;5001;F;23407
2013/2014;Pisa;5001;M;21729
2013/2014;Reggio Calabria;8001;F;3871
2013/2014;Reggio Calabria;8001;M;3780
2013/2014;Reggio Calabria - Dante Alighieri;8003;F;646
2013/2014;Reggio Calabria - Dante Alighieri;8003;M;120
2013/2014;Roma  Mercatorum - telematica;5814;F;91
2013/2014;Roma  Mercatorum - telematica;5814;M;160
2013/2014;Roma Biomedico;5808;F;941
2013/2014;Roma Biomedico;5808;M;626
2013/2014;Roma Europea;5812;F;547
2013/2014;Roma Europea;5812;M;340
2013/2014;Roma Foro Italico;5806;F;683
2013/2014;Roma Foro Italico;5806;M;1524
2013/2014;Roma La Sapienza;5801;F;60547
2013/2014;Roma La Sapienza;5801;M;42968
2013/2014;Roma Link Campus;5817;F;400
2013/2014;Roma Link Campus;5817;M;786
2013/2014;Roma LUISS;5805;F;3888
2013/2014;Roma LUISS;5805;M;3736
2013/2014;Roma LUMSA;5803;F;4073
2013/2014;Roma LUMSA;5803;M;1949
2013/2014;Roma Marconi - telematica;5810;F;4382
2013/2014;Roma Marconi - telematica;5810;M;7891
2013/2014;Roma San Raffaele - telematica;5816;F;356
2013/2014;Roma San Raffaele - telematica;5816;M;609
2013/2014;Roma Tor Vergata;5802;F;15474
2013/2014;Roma Tor Vergata;5802;M;15121
2013/2014;Roma Tre;5807;F;20989
2013/2014;Roma Tre;5807;M;14418
2013/2014;Roma UNICUSANO - telematica;5815;F;4610
2013/2014;Roma UNICUSANO - telematica;5815;M;7327
2013/2014;Roma UNINETTUNO - telematica;5813;F;3315
2013/2014;Roma UNINETTUNO - telematica;5813;M;5279
2013/2014;Roma UNINT;5809;F;833
2013/2014;Roma UNINT;5809;M;365
2013/2014;Roma UNITELMA - telematica;5811;F;787
2013/2014;Roma UNITELMA - telematica;5811;M;892
2013/2014;Salento;7501;F;12186
2013/2014;Salento;7501;M;6693
2013/2014;Salerno;6501;F;21330
2013/2014;Salerno;6501;M;13682
2013/2014;Sannio;6201;F;3227
2013/2014;Sannio;6201;M;2969
2013/2014;Sassari;9001;F;8583
2013/2014;Sassari;9001;M;4749
2013/2014;Siena;5201;F;9287
2013/2014;Siena;5201;M;6494
2013/2014;Siena Stranieri;5202;F;925
2013/2014;Siena Stranieri;5202;M;211
2013/2014;Teramo;6701;F;3931
2013/2014;Teramo;6701;M;2758
2013/2014;Torino;101;F;40540
2013/2014;Torino;101;M;24936
2013/2014;Torino Politecnico;102;F;8269
2013/2014;Torino Politecnico;102;M;20871
2013/2014;Torrevecchia Teatina Leonardo da Vinci - telematica;6902;F;158
2013/2014;Torrevecchia Teatina Leonardo da Vinci - telematica;6902;M;132
2013/2014;Trento;2201;F;8361
2013/2014;Trento;2201;M;8173
2013/2014;Trieste;3201;F;9351
2013/2014;Trieste;3201;M;7193
2013/2014;Tuscia;5601;F;3679
2013/2014;Tuscia;5601;M;3753
2013/2014;Udine;3001;F;8085
2013/2014;Udine;3001;M;7112
2013/2014;Urbino;4101;F;8550
2013/2014;Urbino;4101;M;5422
2013/2014;Venezia Cà Foscari;2701;F;12585
2013/2014;Venezia Cà Foscari;2701;M;6798
2013/2014;Venezia Iuav;2702;F;2317
2013/2014;Venezia Iuav;2702;M;2409
2013/2014;Verona;2301;F;14184
2013/2014;Verona;2301;M;7761
2012/2013;Aosta;701;F;882
2012/2013;Aosta;701;M;335
2012/2013;Bari;7201;F;33494
2012/2013;Bari;7201;M;18413
2012/2013;Bari Politecnico;7202;F;3519
2012/2013;Bari Politecnico;7202;M;7667
2012/2013;Basilicata;7601;F;4459
2012/2013;Basilicata;7601;M;3484
2012/2013;Benevento Giustino Fortunato - telematica;6202;F;183
2012/2013;Benevento Giustino Fortunato - telematica;6202;M;303
2012/2013;Bergamo;1601;F;9081
2012/2013;Bergamo;1601;M;5453
2012/2013;Bologna;3701;F;44341
2012/2013;Bologna;3701;M;34260
2012/2013;Bolzano;2101;F;1900
2012/2013;Bolzano;2101;M;859
2012/2013;Bra Scienze Gastronomiche;401;F;142
2012/2013;Bra Scienze Gastronomiche;401;M;126
2012/2013;Brescia;1701;F;6671
2012/2013;Brescia;1701;M;7548
2012/2013;Cagliari;9201;F;17552
2012/2013;Cagliari;9201;M;11419
2012/2013;Calabria;7801;F;18848
2012/2013;Calabria;7801;M;12768
2012/2013;Camerino;4302;F;3708
2012/2013;Camerino;4302;M;3587
2012/2013;Casamassima - G.Degennaro;7203;F;491
2012/2013;Casamassima - G.Degennaro;7203;M;816
2012/2013;Cassino;6001;F;5049
2012/2013;Cassino;6001;M;4080
2012/2013;Castellanza LIUC;1201;F;653
2012/2013;Castellanza LIUC;1201;M;1108
2012/2013;Catania;8701;F;32297
2012/2013;Catania;8701;M;20294
2012/2013;Catanzaro;7901;F;6159
2012/2013;Catanzaro;7901;M;3893
2012/2013;Chieti e Pescara;6901;F;19518
2012/2013;Chieti e Pescara;6901;M;10436
2012/2013;Enna KORE;8601;F;3509
2012/2013;Enna KORE;8601;M;2483
2012/2013;Ferrara;3801;F;9262
2012/2013;Ferrara;3801;M;7400
2012/2013;Firenze;4801;F;30253
2012/2013;Firenze;4801;M;21161
2012/2013;Firenze IUL - telematica;4804;F;19
2012/2013;Firenze IUL - telematica;4804;M;5
2012/2013;Foggia;7101;F;6293
2012/2013;Foggia;7101;M;3731
2012/2013;Genova;1001;F;18946
2012/2013;Genova;1001;M;14932
2012/2013;Insubria;1202;F;4815
2012/2013;Insubria;1202;M;3817
2012/2013;L'Aquila;6601;F;13538
2012/2013;L'Aquila;6601;M;10809
2012/2013;Macerata;4301;F;7246
2012/2013;Macerata;4301;M;3040
2012/2013;Marche;4201;F;7032
2012/2013;Marche;4201;M;8843
2012/2013;Messina;8301;F;18401
2012/2013;Messina;8301;M;10583
2012/2013;Milano;1501;F;35359
2012/2013;Milano;1501;M;24600
2012/2013;Milano Bicocca;1509;F;20252
2012/2013;Milano Bicocca;1509;M;12279
2012/2013;Milano Bocconi;1503;F;6558
2012/2013;Milano Bocconi;1503;M;6868
2012/2013;Milano Cattolica;1504;F;24483
2012/2013;Milano Cattolica;1504;M;13290
2012/2013;Milano IULM;1505;F;2970
2012/2013;Milano IULM;1505;M;1276
2012/2013;Milano Politecnico;1502;F;13077
2012/2013;Milano Politecnico;1502;M;26008
2012/2013;Milano San Raffaele;1508;F;1151
2012/2013;Milano San Raffaele;1508;M;837
2012/2013;Modena e Reggio Emilia;3601;F;10387
2012/2013;Modena e Reggio Emilia;3601;M;8781
2012/2013;Molise;7001;F;4386
2012/2013;Molise;7001;M;3102
2012/2013;Napoli Benincasa;6304;F;7673
2012/2013;Napoli Benincasa;6304;M;1357
2012/2013;Napoli Federico II;6301;F;48001
2012/2013;Napoli Federico II;6301;M;36672
2012/2013;Napoli L'Orientale;6303;F;8108
2012/2013;Napoli L'Orientale;6303;M;2290
2012/2013;Napoli Parthenope;6302;F;6834
2012/2013;Napoli Parthenope;6302;M;8600
2012/2013;Napoli Pegaso - telematica;6307;F;1810
2012/2013;Napoli Pegaso - telematica;6307;M;2910
2012/2013;Napoli Vanvitelli;6306;F;16404
2012/2013;Napoli Vanvitelli;6306;M;11805
2012/2013;Novedrate e-Campus - telematica;1301;F;2758
2012/2013;Novedrate e-Campus - telematica;1301;M;3395
2012/2013;Padova;2801;F;33058
2012/2013;Padova;2801;M;26313
2012/2013;Palermo;8201;F;28316
2012/2013;Palermo;8201;M;18914
2012/2013;Parma;3401;F;15024
2012/2013;Parma;3401;M;11457
2012/2013;Pavia;1801;F;12206
2012/2013;Pavia;1801;M;9668
2012/2013;Perugia;5401;F;14164
2012/2013;Perugia;5401;M;10751
2012/2013;Perugia Stranieri;5403;F;775
2012/2013;Perugia Stranieri;5403;M;449
2012/2013;Piemonte Orientale;201;F;6085
2012/2013;Piemonte Orientale;201;M;3913
2012/2013;Pisa;5001;F;23525
2012/2013;Pisa;5001;M;21665
2012/2013;Reggio Calabria;8001;F;4295
2012/2013;Reggio Calabria;8001;M;4219
2012/2013;Reggio Calabria - Dante Alighieri;8003;F;577
2012/2013;Reggio Calabria - Dante Alighieri;8003;M;114
2012/2013;Roma  Mercatorum - telematica;5814;F;63
2012/2013;Roma  Mercatorum - telematica;5814;M;137
2012/2013;Roma Biomedico;5808;F;920
2012/2013;Roma Biomedico;5808;M;618
2012/2013;Roma Europea;5812;F;569
2012/2013;Roma Europea;5812;M;371
2012/2013;Roma Foro Italico;5806;F;662
2012/2013;Roma Foro Italico;5806;M;1485
2012/2013;Roma La Sapienza;5801;F;64311
2012/2013;Roma La Sapienza;5801;M;44868
2012/2013;Roma LUISS;5805;F;4026
2012/2013;Roma LUISS;5805;M;3728
2012/2013;Roma LUMSA;5803;F;4297
2012/2013;Roma LUMSA;5803;M;2047
2012/2013;Roma Marconi - telematica;5810;F;3875
2012/2013;Roma Marconi - telematica;5810;M;7448
2012/2013;Roma San Raffaele - telematica;5816;F;291
2012/2013;Roma San Raffaele - telematica;5816;M;551
2012/2013;Roma Tor Vergata;5802;F;15966
2012/2013;Roma Tor Vergata;5802;M;15104
2012/2013;Roma Tre;5807;F;21284
2012/2013;Roma Tre;5807;M;14471
2012/2013;Roma UNICUSANO - telematica;5815;F;4091
2012/2013;Roma UNICUSANO - telematica;5815;M;7410
2012/2013;Roma UNINETTUNO - telematica;5813;F;3107
2012/2013;Roma UNINETTUNO - telematica;5813;M;4914
2012/2013;Roma UNINT;5809;F;803
2012/2013;Roma UNINT;5809;M;405
2012/2013;Roma UNITELMA - telematica;5811;F;821
2012/2013;Roma UNITELMA - telematica;5811;M;913
2012/2013;Salento;7501;F;13222
2012/2013;Salento;7501;M;6988
2012/2013;Salerno;6501;F;21977
2012/2013;Salerno;6501;M;13848
2012/2013;Sannio;6201;F;3267
2012/2013;Sannio;6201;M;3003
2012/2013;Sassari;9001;F;9077
2012/2013;Sassari;9001;M;4909
2012/2013;Siena;5201;F;9631
2012/2013;Siena;5201;M;6746
2012/2013;Siena Stranieri;5202;F;787
2012/2013;Siena Stranieri;5202;M;165
2012/2013;Teramo;6701;F;4078
2012/2013;Teramo;6701;M;3011
2012/2013;Torino;101;F;40819
2012/2013;Torino;101;M;24892
2012/2013;Torino Politecnico;102;F;7994
2012/2013;Torino Politecnico;102;M;20063
2012/2013;Torrevecchia Teatina Leonardo da Vinci - telematica;6902;F;184
2012/2013;Torrevecchia Teatina Leonardo da Vinci - telematica;6902;M;142
2012/2013;Trento;2201;F;8475
2012/2013;Trento;2201;M;8077
2012/2013;Trieste;3201;F;9832
2012/2013;Trieste;3201;M;7528
2012/2013;Tuscia;5601;F;3585
2012/2013;Tuscia;5601;M;3655
2012/2013;Udine;3001;F;8360
2012/2013;Udine;3001;M;7263
2012/2013;Urbino;4101;F;8853
2012/2013;Urbino;4101;M;5595
2012/2013;Venezia Cà Foscari;2701;F;12207
2012/2013;Venezia Cà Foscari;2701;M;6490
2012/2013;Venezia Iuav;2702;F;2499
2012/2013;Venezia Iuav;2702;M;2680
2012/2013;Verona;2301;F;14638
2012/2013;Verona;2301;M;7987
2011/2012;Aosta;701;F;908
2011/2012;Aosta;701;M;308
2011/2012;Bari;7201;F;35689
2011/2012;Bari;7201;M;19186
2011/2012;Bari Politecnico;7202;F;3656
2011/2012;Bari Politecnico;7202;M;8161
2011/2012;Basilicata;7601;F;4684
2011/2012;Basilicata;7601;M;3708
2011/2012;Benevento Giustino Fortunato - telematica;6202;F;161
2011/2012;Benevento Giustino Fortunato - telematica;6202;M;327
2011/2012;Bergamo;1601;F;9210
2011/2012;Bergamo;1601;M;5642
2011/2012;Bologna;3701;F;45213
2011/2012;Bologna;3701;M;34862
2011/2012;Bolzano;2101;F;1984
2011/2012;Bolzano;2101;M;846
2011/2012;Bra Scienze Gastronomiche;401;F;129
2011/2012;Bra Scienze Gastronomiche;401;M;125
2011/2012;Brescia;1701;F;6754
2011/2012;Brescia;1701;M;7570
2011/2012;Cagliari;9201;F;18888
2011/2012;Cagliari;9201;M;12014
2011/2012;Calabria;7801;F;19588
2011/2012;Calabria;7801;M;13303
2011/2012;Camerino;4302;F;3780
2011/2012;Camerino;4302;M;3816
2011/2012;Casamassima - G.Degennaro;7203;F;480
2011/2012;Casamassima - G.Degennaro;7203;M;812
2011/2012;Cassino;6001;F;5665
2011/2012;Cassino;6001;M;4497
2011/2012;Castellanza LIUC;1201;F;628
2011/2012;Castellanza LIUC;1201;M;1208
2011/2012;Catania;8701;F;33118
2011/2012;Catania;8701;M;20854
2011/2012;Catanzaro;7901;F;6274
2011/2012;Catanzaro;7901;M;3912
2011/2012;Chieti e Pescara;6901;F;20653
2011/2012;Chieti e Pescara;6901;M;11147
2011/2012;Enna KORE;8601;F;3631
2011/2012;Enna KORE;8601;M;2521
2011/2012;Ferrara;3801;F;9776
2011/2012;Ferrara;3801;M;7744
2011/2012;Firenze;4801;F;31273
2011/2012;Firenze;4801;M;22187
2011/2012;Firenze IUL - telematica;4804;F;22
2011/2012;Firenze IUL - telematica;4804;M;6
2011/2012;Foggia;7101;F;6618
2011/2012;Foggia;7101;M;3854
2011/2012;Genova;1001;F;20352
2011/2012;Genova;1001;M;15768
2011/2012;Insubria;1202;F;5059
2011/2012;Insubria;1202;M;3947
2011/2012;L'Aquila;6601;F;13219
2011/2012;L'Aquila;6601;M;10842
2011/2012;Macerata;4301;F;7780
2011/2012;Macerata;4301;M;3229
2011/2012;Marche;4201;F;7031
2011/2012;Marche;4201;M;9202
2011/2012;Messina;8301;F;19715
2011/2012;Messina;8301;M;11433
2011/2012;Milano;1501;F;35546
2011/2012;Milano;1501;M;24786
2011/2012;Milano Bicocca;1509;F;20315
2011/2012;Milano Bicocca;1509;M;12135
2011/2012;Milano Bocconi;1503;F;6446
2011/2012;Milano Bocconi;1503;M;6856
2011/2012;Milano Cattolica;1504;F;24681
2011/2012;Milano Cattolica;1504;M;13340
2011/2012;Milano IULM;1505;F;3042
2011/2012;Milano IULM;1505;M;1344
2011/2012;Milano Politecnico;1502;F;12954
2011/2012;Milano Politecnico;1502;M;25766
2011/2012;Milano San Raffaele;1508;F;1171
2011/2012;Milano San Raffaele;1508;M;799
2011/2012;Modena e Reggio Emilia;3601;F;10539
2011/2012;Modena e Reggio Emilia;3601;M;8852
2011/2012;Molise;7001;F;4599
2011/2012;Molise;7001;M;3173
2011/2012;Napoli Benincasa;6304;F;8323
2011/2012;Napoli Benincasa;6304;M;1471
2011/2012;Napoli Federico II;6301;F;49576
2011/2012;Napoli Federico II;6301;M;38015
2011/2012;Napoli L'Orientale;6303;F;8005
2011/2012;Napoli L'Orientale;6303;M;2229
2011/2012;Napoli Parthenope;6302;F;7029
2011/2012;Napoli Parthenope;6302;M;8849
2011/2012;Napoli Pegaso - telematica;6307;F;1416
2011/2012;Napoli Pegaso - telematica;6307;M;2269
2011/2012;Napoli Vanvitelli;6306;F;16820
2011/2012;Napoli Vanvitelli;6306;M;12160
2011/2012;Novedrate e-Campus - telematica;1301;F;2889
2011/2012;Novedrate e-Campus - telematica;1301;M;3862
2011/2012;Padova;2801;F;34009
2011/2012;Padova;2801;M;26670
2011/2012;Palermo;8201;F;30410
2011/2012;Palermo;8201;M;20271
2011/2012;Parma;3401;F;16199
2011/2012;Parma;3401;M;12652
2011/2012;Pavia;1801;F;12193
2011/2012;Pavia;1801;M;9746
2011/2012;Perugia;5401;F;14692
2011/2012;Perugia;5401;M;11264
2011/2012;Perugia Stranieri;5403;F;826
2011/2012;Perugia Stranieri;5403;M;474
2011/2012;Piemonte Orientale;201;F;5873
2011/2012;Piemonte Orientale;201;M;3894
2011/2012;Pisa;5001;F;24243
2011/2012;Pisa;5001;M;21981
2011/2012;Reggio Calabria;8001;F;4677
2011/2012;Reggio Calabria;8001;M;4662
2011/2012;Reggio Calabria - Dante Alighieri;8003;F;447
2011/2012;Reggio Calabria - Dante Alighieri;8003;M;80
2011/2012;Roma  Mercatorum - telematica;5814;F;69
2011/2012;Roma  Mercatorum - telematica;5814;M;144
2011/2012;Roma Biomedico;5808;F;862
2011/2012;Roma Biomedico;5808;M;599
2011/2012;Roma Europea;5812;F;550
2011/2012;Roma Europea;5812;M;359
2011/2012;Roma Foro Italico;5806;F;683
2011/2012;Roma Foro Italico;5806;M;1434
2011/2012;Roma La Sapienza;5801;F;68685
2011/2012;Roma La Sapienza;5801;M;47047
2011/2012;Roma LUISS;5805;F;4103
2011/2012;Roma LUISS;5805;M;3696
2011/2012;Roma LUMSA;5803;F;4459
2011/2012;Roma LUMSA;5803;M;2146
2011/2012;Roma Marconi - telematica;5810;F;3449
2011/2012;Roma Marconi - telematica;5810;M;7144
2011/2012;Roma San Raffaele - telematica;5816;F;154
2011/2012;Roma San Raffaele - telematica;5816;M;285
2011/2012;Roma Tor Vergata;5802;F;16619
2011/2012;Roma Tor Vergata;5802;M;15193
2011/2012;Roma Tre;5807;F;22039
2011/2012;Roma Tre;5807;M;15022
2011/2012;Roma UNICUSANO - telematica;5815;F;3526
2011/2012;Roma UNICUSANO - telematica;5815;M;6539
2011/2012;Roma UNINETTUNO - telematica;5813;F;2277
2011/2012;Roma UNINETTUNO - telematica;5813;M;3640
2011/2012;Roma UNINT;5809;F;848
2011/2012;Roma UNINT;5809;M;430
2011/2012;Roma UNITELMA - telematica;5811;F;727
2011/2012;Roma UNITELMA - telematica;5811;M;944
2011/2012;Salento;7501;F;14558
2011/2012;Salento;7501;M;7578
2011/2012;Salerno;6501;F;22626
2011/2012;Salerno;6501;M;14217
2011/2012;Sannio;6201;F;3490
2011/2012;Sannio;6201;M;3247
2011/2012;Sassari;9001;F;9517
2011/2012;Sassari;9001;M;5077
2011/2012;Siena;5201;F;10581
2011/2012;Siena;5201;M;7225
2011/2012;Siena Stranieri;5202;F;650
2011/2012;Siena Stranieri;5202;M;126
2011/2012;Teramo;6701;F;4538
2011/2012;Teramo;6701;M;3318
2011/2012;Torino;101;F;41146
2011/2012;Torino;101;M;25125
2011/2012;Torino Politecnico;102;F;7800
2011/2012;Torino Politecnico;102;M;20022
2011/2012;Torrevecchia Teatina Leonardo da Vinci - telematica;6902;F;206
2011/2012;Torrevecchia Teatina Leonardo da Vinci - telematica;6902;M;144
2011/2012;Trento;2201;F;8621
2011/2012;Trento;2201;M;8152
2011/2012;Trieste;3201;F;10797
2011/2012;Trieste;3201;M;8052
2011/2012;Tuscia;5601;F;3692
2011/2012;Tuscia;5601;M;4312
2011/2012;Udine;3001;F;8614
2011/2012;Udine;3001;M;7415
2011/2012;Urbino;4101;F;9319
2011/2012;Urbino;4101;M;5721
2011/2012;Venezia Cà Foscari;2701;F;11892
2011/2012;Venezia Cà Foscari;2701;M;6421
2011/2012;Venezia Iuav;2702;F;2730
2011/2012;Venezia Iuav;2702;M;2899
2011/2012;Verona;2301;F;14976
2011/2012;Verona;2301;M;7964
2010/2011;Aosta;701;F;939
2010/2011;Aosta;701;M;305
2010/2011;Bari;7201;F;37389
2010/2011;Bari;7201;M;20133
2010/2011;Bari Politecnico;7202;F;3804
2010/2011;Bari Politecnico;7202;M;8620
2010/2011;Basilicata;7601;F;4795
2010/2011;Basilicata;7601;M;3726
2010/2011;Benevento Giustino Fortunato - telematica;6202;F;175
2010/2011;Benevento Giustino Fortunato - telematica;6202;M;382
2010/2011;Bergamo;1601;F;9276
2010/2011;Bergamo;1601;M;5759
2010/2011;Bologna;3701;F;45138
2010/2011;Bologna;3701;M;34923
2010/2011;Bolzano;2101;F;2299
2010/2011;Bolzano;2101;M;890
2010/2011;Bra Scienze Gastronomiche;401;F;109
2010/2011;Bra Scienze Gastronomiche;401;M;140
2010/2011;Brescia;1701;F;6690
2010/2011;Brescia;1701;M;7750
2010/2011;Cagliari;9201;F;20261
2010/2011;Cagliari;9201;M;12720
2010/2011;Calabria;7801;F;20263
2010/2011;Calabria;7801;M;13901
2010/2011;Camerino;4302;F;3809
2010/2011;Camerino;4302;M;3965
2010/2011;Casamassima - G.Degennaro;7203;F;520
2010/2011;Casamassima - G.Degennaro;7203;M;826
2010/2011;Cassino;6001;F;6008
2010/2011;Cassino;6001;M;4674
2010/2011;Castellanza LIUC;1201;F;610
2010/2011;Castellanza LIUC;1201;M;1221
2010/2011;Catania;8701;F;35350
2010/2011;Catania;8701;M;22413
2010/2011;Catanzaro;7901;F;6704
2010/2011;Catanzaro;7901;M;4267
2010/2011;Chieti e Pescara;6901;F;20851
2010/2011;Chieti e Pescara;6901;M;11550
2010/2011;Enna KORE;8601;F;3729
2010/2011;Enna KORE;8601;M;2500
2010/2011;Ferrara;3801;F;10024
2010/2011;Ferrara;3801;M;7984
2010/2011;Firenze;4801;F;32409
2010/2011;Firenze;4801;M;23308
2010/2011;Firenze IUL - telematica;4804;F;16
2010/2011;Firenze IUL - telematica;4804;M;4
2010/2011;Foggia;7101;F;6914
2010/2011;Foggia;7101;M;4054
2010/2011;Genova;1001;F;21024
2010/2011;Genova;1001;M;16051
2010/2011;Insubria;1202;F;5215
2010/2011;Insubria;1202;M;4162
2010/2011;L'Aquila;6601;F;12813
2010/2011;L'Aquila;6601;M;10680
2010/2011;Macerata;4301;F;8122
2010/2011;Macerata;4301;M;3489
2010/2011;Marche;4201;F;7271
2010/2011;Marche;4201;M;9345
2010/2011;Messina;8301;F;20499
2010/2011;Messina;8301;M;11950
2010/2011;Milano;1501;F;35511
2010/2011;Milano;1501;M;24947
2010/2011;Milano Bicocca;1509;F;19763
2010/2011;Milano Bicocca;1509;M;11962
2010/2011;Milano Bocconi;1503;F;6335
2010/2011;Milano Bocconi;1503;M;6937
2010/2011;Milano Cattolica;1504;F;25461
2010/2011;Milano Cattolica;1504;M;13648
2010/2011;Milano IULM;1505;F;3110
2010/2011;Milano IULM;1505;M;1348
2010/2011;Milano Politecnico;1502;F;12700
2010/2011;Milano Politecnico;1502;M;25559
2010/2011;Milano San Raffaele;1508;F;1209
2010/2011;Milano San Raffaele;1508;M;743
2010/2011;Modena e Reggio Emilia;3601;F;10616
2010/2011;Modena e Reggio Emilia;3601;M;8855
2010/2011;Molise;7001;F;4669
2010/2011;Molise;7001;M;3405
2010/2011;Napoli Benincasa;6304;F;8820
2010/2011;Napoli Benincasa;6304;M;1650
2010/2011;Napoli Federico II;6301;F;49727
2010/2011;Napoli Federico II;6301;M;38434
2010/2011;Napoli L'Orientale;6303;F;8184
2010/2011;Napoli L'Orientale;6303;M;2344
2010/2011;Napoli Parthenope;6302;F;7728
2010/2011;Napoli Parthenope;6302;M;9706
2010/2011;Napoli Pegaso - telematica;6307;F;1750
2010/2011;Napoli Pegaso - telematica;6307;M;4173
2010/2011;Napoli Vanvitelli;6306;F;17161
2010/2011;Napoli Vanvitelli;6306;M;12653
2010/2011;Novedrate e-Campus - telematica;1301;F;2485
2010/2011;Novedrate e-Campus - telematica;1301;M;3726
2010/2011;Padova;2801;F;34463
2010/2011;Padova;2801;M;27109
2010/2011;Palermo;8201;F;32764
2010/2011;Palermo;8201;M;21990
2010/2011;Parma;3401;F;17170
2010/2011;Parma;3401;M;13411
2010/2011;Pavia;1801;F;12552
2010/2011;Pavia;1801;M;10055
2010/2011;Perugia;5401;F;15649
2010/2011;Perugia;5401;M;11958
2010/2011;Perugia Stranieri;5403;F;875
2010/2011;Perugia Stranieri;5403;M;601
2010/2011;Piemonte Orientale;201;F;5939
2010/2011;Piemonte Orientale;201;M;3747
2010/2011;Pisa;5001;F;24329
2010/2011;Pisa;5001;M;22257
2010/2011;Reggio Calabria;8001;F;4908
2010/2011;Reggio Calabria;8001;M;4924
2010/2011;Reggio Calabria - Dante Alighieri;8003;F;285
2010/2011;Reggio Calabria - Dante Alighieri;8003;M;71
2010/2011;Roma  Mercatorum - telematica;5814;F;86
2010/2011;Roma  Mercatorum - telematica;5814;M;146
2010/2011;Roma Biomedico;5808;F;779
2010/2011;Roma Biomedico;5808;M;559
2010/2011;Roma Europea;5812;F;500
2010/2011;Roma Europea;5812;M;338
2010/2011;Roma Foro Italico;5806;F;634
2010/2011;Roma Foro Italico;5806;M;1349
2010/2011;Roma La Sapienza;5801;F;72917
2010/2011;Roma La Sapienza;5801;M;49937
2010/2011;Roma LUISS;5805;F;4140
2010/2011;Roma LUISS;5805;M;3576
2010/2011;Roma LUMSA;5803;F;4511
2010/2011;Roma LUMSA;5803;M;2222
2010/2011;Roma Marconi - telematica;5810;F;3029
2010/2011;Roma Marconi - telematica;5810;M;7142
2010/2011;Roma San Raffaele - telematica;5816;F;121
2010/2011;Roma San Raffaele - telematica;5816;M;205
2010/2011;Roma Tor Vergata;5802;F;16956
2010/2011;Roma Tor Vergata;5802;M;14951
2010/2011;Roma Tre;5807;F;22471
2010/2011;Roma Tre;5807;M;15544
2010/2011;Roma UNICUSANO - telematica;5815;F;3015
2010/2011;Roma UNICUSANO - telematica;5815;M;6202
2010/2011;Roma UNINETTUNO - telematica;5813;F;2014
2010/2011;Roma UNINETTUNO - telematica;5813;M;3203
2010/2011;Roma UNINT;5809;F;851
2010/2011;Roma UNINT;5809;M;504
2010/2011;Roma UNITELMA - telematica;5811;F;585
2010/2011;Roma UNITELMA - telematica;5811;M;785
2010/2011;Salento;7501;F;15738
2010/2011;Salento;7501;M;8153
2010/2011;Salerno;6501;F;22789
2010/2011;Salerno;6501;M;14584
2010/2011;Sannio;6201;F;3660
2010/2011;Sannio;6201;M;3416
2010/2011;Sassari;9001;F;9966
2010/2011;Sassari;9001;M;5249
2010/2011;Siena;5201;F;10381
2010/2011;Siena;5201;M;7219
2010/2011;Siena Stranieri;5202;F;559
2010/2011;Siena Stranieri;5202;M;122
2010/2011;Teramo;6701;F;4700
2010/2011;Teramo;6701;M;3603
2010/2011;Torino;101;F;41486
2010/2011;Torino;101;M;25079
2010/2011;Torino Politecnico;102;F;7410
2010/2011;Torino Politecnico;102;M;18824
2010/2011;Torrevecchia Teatina Leonardo da Vinci - telematica;6902;F;222
2010/2011;Torrevecchia Teatina Leonardo da Vinci - telematica;6902;M;157
2010/2011;Trento;2201;F;8488
2010/2011;Trento;2201;M;7937
2010/2011;Trieste;3201;F;11056
2010/2011;Trieste;3201;M;8290
2010/2011;Tuscia;5601;F;3867
2010/2011;Tuscia;5601;M;5099
2010/2011;Udine;3001;F;8815
2010/2011;Udine;3001;M;7758
2010/2011;Urbino;4101;F;9452
2010/2011;Urbino;4101;M;5687
2010/2011;Venezia Cà Foscari;2701;F;11510
2010/2011;Venezia Cà Foscari;2701;M;6455
2010/2011;Venezia Iuav;2702;F;2916
2010/2011;Venezia Iuav;2702;M;3118
2010/2011;Verona;2301;F;15428
2010/2011;Verona;2301;M;8259
